wavelet,size,NMI,Qc,Qy
bior1.1,3,1.0940635740690443,0.3705312787796063,0.7714525989577591
bior1.1,5,1.0995834136813871,0.41771339107571254,0.7968121675111239
bior1.1,7,1.1065774877196575,0.4328953099583433,0.8006491929815626
bior1.1,9,1.10712165203455,0.4605275886363148,0.8179470628825756
bior1.1,11,1.1064619311888888,0.47842808558395256,0.8208760606382917
bior1.1,13,1.1046686109121937,0.4714355673980988,0.824313203129148
bior1.1,15,1.109285828940892,0.4767840769266317,0.8309257937601805
bior1.1,17,1.1085695035729584,0.5109851320352661,0.8697225445627622
bior1.1,19,1.107816643171202,0.5066265512875852,0.8727743009212597
bior1.1,21,1.10977993382739,0.5280983752371627,0.8755950567193667
bior1.1,23,1.1090889157856088,nan,0.8767030640572233
bior1.1,25,1.1080694235976825,nan,0.8790396120172292
bior1.1,27,1.1072864426647706,nan,0.8828146713964568
bior1.1,29,1.1065260094302967,nan,0.8834576754732053
bior1.1,31,1.1058317536461744,nan,0.884823376789798
bior1.1,33,1.1056518058245035,nan,0.8956057681657503
bior1.1,35,1.1056984856215653,nan,0.8969830506291634
bior1.1,37,1.105893101690883,nan,0.8982811101141388
bior1.1,39,1.1064324792605016,nan,0.8996334651649561
bior1.3,3,1.0660285887652743,0.22669680806932416,0.6389851866784996
bior1.3,5,1.0809530861006347,0.272697883413269,0.6936151754010706
bior1.3,7,1.0902092522550166,0.28143813363532966,0.7182311190131685
bior1.3,9,1.0958322172104789,0.28341679268290737,0.7208592632997323
bior1.3,11,1.0981631392313598,0.29838697073010645,0.7379346006603574
bior1.3,13,1.0980270048102834,0.29856746392065364,0.7389560116985024
bior1.3,15,1.0970434912050873,0.29726846358228215,0.7376000639405544
bior1.3,17,1.099012465431848,0.3025369322203651,0.7415373759507226
bior1.3,19,1.0987509563522797,0.3464543969852702,0.761902619278671
bior1.3,21,1.0986163879219417,0.3466619504249485,0.7624474685626045
bior1.3,23,1.1021183467525524,0.3543737422057247,0.768658516623141
bior1.3,25,1.1016296582942642,0.35284470105921834,0.7685805293190341
bior1.3,27,1.1011209952774963,0.35099061657536584,0.7687716432420658
bior1.3,29,1.102309711952603,0.3644370877121747,0.7787930273908464
bior1.3,31,1.1022833024105296,0.36244969001862615,0.7797520012838898
bior1.3,33,1.1027381035518777,nan,0.7803960359376186
bior1.3,35,1.1049802260101258,nan,0.8844754511772553
bior1.3,37,1.1048309314659701,nan,0.8839663981538595
bior1.3,39,1.1050762757038572,nan,0.8835962684463613
bior1.5,5,1.0597591949065488,0.20704138051862286,0.6499306876613523
bior1.5,7,1.0704695840669396,0.23186236476970531,0.687516688674611
bior1.5,9,1.0820687647441447,0.24272656101893925,0.7173689893707255
bior1.5,11,1.0869256887732972,0.24788027487256153,0.7232536675187324
bior1.5,13,1.0884771870447485,0.2518537275563707,0.7344059691547085
bior1.5,15,1.0882956085885191,0.2506463848856281,0.7340365229382514
bior1.5,17,1.0882521599688924,0.2502098487496493,0.7346170378820668
bior1.5,19,1.0882136247326628,0.24966485511775507,0.7351419583569042
bior1.5,21,1.0947233926466937,0.368042889926448,0.84814066186679
bior1.5,23,1.0945989372525782,0.366457188441039,0.8489958138061382
bior1.5,25,1.1042419643849677,0.3985893425450526,0.8643990158342705
bior1.5,27,1.1035496098464015,0.3970474615753306,0.8643379928312397
bior1.5,29,1.1034177128426432,0.3962306324388818,0.8639686707152954
bior1.5,31,1.1030161365248925,0.4076873091798951,0.8723959101206641
bior1.5,33,1.1028519910779528,0.40683403023220144,0.8726673179304815
bior1.5,35,1.1029088104415128,0.40528872114287273,0.8727579213841292
bior1.5,37,1.1033146631425053,0.4671377626492411,0.8887345484751598
bior1.5,39,1.103019042384873,0.4665088842026697,0.8900749473066272
bior2.2,3,1.0615985601462479,0.22990216299838864,0.6569460956705552
bior2.2,5,1.082919695156987,0.2792715447409536,0.7148265374503315
bior2.2,7,1.0854317600151562,0.2761068768926954,0.7214347950326934
bior2.2,9,1.0915980268871202,0.2753258141956845,0.7210599826163703
bior2.2,11,1.094575177362304,0.3099103475906198,0.7606604601656494
bior2.2,13,1.0952448708138154,0.3134167152592716,0.7602007684417031
bior2.2,15,1.0940762818765934,0.31581861314305015,0.7630603002617502
bior2.2,17,1.0938390042883395,0.3129321273350579,0.7655695731810913
bior2.2,19,1.0937318001364065,0.33725293282449625,0.7871539559766341
bior2.2,21,1.0934501720324048,0.3366123457248521,0.7882477602555821
bior2.2,23,1.0968734230081119,0.34624224140906346,0.7936436816885679
bior2.2,25,1.09628520912449,0.34575348187785426,0.7942694224852277
bior2.2,27,1.096295421243488,0.3448866573567962,0.7955227905943033
bior2.2,29,1.104359662855633,0.367418917212214,0.8051203458592019
bior2.2,31,1.1060568097480725,0.3681640063928246,0.8073015981993158
bior2.2,33,1.1059945872230996,0.367811700720232,0.8073737219482208
bior2.2,35,1.1078954024317906,0.506353705153744,0.9040112334141259
bior2.2,37,1.1077169627759023,0.5055429247302414,0.9039821771814619
bior2.2,39,1.107671214533964,0.5057998076470398,0.9046386478406034
bior2.4,5,1.06082979474073,0.2217912427151349,0.6971048125231486
bior2.4,7,1.0748245846317734,0.25176606222818126,0.7265243397249804
bior2.4,9,1.0833190404727637,0.2538494109413645,0.7404653107212484
bior2.4,11,1.0882656624392466,0.2585985390643995,0.7428120681257263
bior2.4,13,1.0908258076425867,0.2674634576018034,0.7700408843072836
bior2.4,15,1.09084166040148,0.2675496284448268,0.7709968776684395
bior2.4,17,1.0907961578576622,0.26712078780538123,0.7710953005482671
bior2.4,19,1.0874019958488568,0.26254112458372403,0.7734913756653886
bior2.4,21,1.0949978692766937,0.3694607352400479,0.8683449992938463
bior2.4,23,1.0945366393005165,0.37108539783964506,0.8697098926058056
bior2.4,25,1.1065123226951101,0.4071515295704316,0.8834884248663867
bior2.4,27,1.106112581273096,0.40648563365998347,0.8834457693029404
bior2.4,29,1.1057331364706646,0.4069310543313614,0.8836716428641019
bior2.4,31,1.107136400053518,0.41443155702800955,0.8928761787819605
bior2.4,33,1.1069968063502835,0.4147589213607398,0.8939691175260046
bior2.4,35,1.1068882199768943,0.4142042153644817,0.8946130218025717
bior2.4,37,1.1020227192982046,0.4781968856954516,0.9128132949844138
bior2.4,39,1.1017054951866954,0.47833778546352296,0.9129133115462424
bior2.6,7,1.0585349060949827,0.19729378924507038,0.6243181237989555
bior2.6,9,1.0704809567040814,0.2197845169264963,0.6512772120635442
bior2.6,11,1.0779962239584784,0.221415199978959,0.6644012321128796
bior2.6,13,1.0830603842013689,0.22356246157745188,0.6669324569767576
bior2.6,15,1.085188867721096,0.2338159834577563,0.6921637310860211
bior2.6,17,1.0884831096446435,0.2363422124429692,0.693324173039744
bior2.6,19,1.0923635195581154,0.24589513179428213,0.6976191580496585
bior2.6,21,1.091661355602606,0.2441337985208876,0.697889536527013
bior2.6,23,1.098478632285888,0.30236704970666495,0.7731522912451266
bior2.6,25,1.098251655325816,0.2995082045341166,0.7728956015627153
bior2.6,27,1.105377799735589,0.3212959482492948,0.7832212950734582
bior2.6,29,1.1053518008395058,0.3190077162287574,0.7839438653008038
bior2.6,31,1.105165722695776,0.3177261449627288,0.78503994827334
bior2.6,33,1.1000230950809269,0.3173325099929917,0.7893361991046127
bior2.6,35,1.1002918681152156,0.31638223410765276,0.7893553510202508
bior2.6,37,1.0948403105339068,0.4970163862783378,0.9294408148246792
bior2.6,39,1.0949906732583827,0.4994454395588545,0.9292520762419535
bior2.8,9,1.0524763220838358,0.2235012048609623,0.6979648255039477
bior2.8,11,1.062094612283588,0.2464224161979629,0.7259209682278723
bior2.8,13,1.067451313442827,0.24650554182811116,0.7361458668827849
bior2.8,15,1.071787150043372,0.24862978799883456,0.7387709801131017
bior2.8,17,1.0897684827776124,0.3138048950252286,0.8399659277863608
bior2.8,19,1.1060404514026516,0.34566512094404017,0.8529800246345843
bior2.8,21,1.1099902769280896,0.3587849667309158,0.8576940995214185
bior2.8,23,1.1098389139717317,0.359422825068049,0.8572615914502262
bior2.8,25,1.1098794486022932,0.3936938863831639,0.8826474951610289
bior2.8,27,1.1099563623685478,0.3948639466769526,0.8827891522870898
bior2.8,29,1.1086130059533421,0.3943783534512057,0.8828137898583706
bior2.8,31,1.108562203733564,0.39458247791515905,0.8823969386469105
bior2.8,33,1.1094169992827307,0.3950254865171652,0.8826298791700735
bior2.8,35,1.1079883874427034,0.3951823527118111,0.890465751981133
bior2.8,37,1.1080405651614387,0.39378964270005035,0.8903896109361596
bior2.8,39,1.1014012562430886,0.46502453542409194,0.921552763829606
bior3.1,3,1.0422968177912828,0.19648465293740552,0.5925523362532432
bior3.1,5,1.0559958447641988,0.22090122050057528,0.6096801260221744
bior3.1,7,1.0710720582533668,0.2550194848220601,0.6871096872593849
bior3.1,9,1.07752576938155,0.2720045155603427,0.6997574074181527
bior3.1,11,1.0834309352572862,0.3268673771417977,0.7577804103039686
bior3.1,13,1.0845640520021667,0.3249369963046513,0.7564783722447679
bior3.1,15,1.0885085978699733,0.3356728586104133,0.762336943564785
bior3.1,17,1.088608041953541,0.333688854063163,0.761589746978301
bior3.1,19,1.0814595410664436,0.40647789891472047,0.7930877726578462
bior3.1,21,1.0807957486885582,0.40462544733630895,0.7945125805326017
bior3.1,23,1.083668842193575,0.4091875668603228,0.7993121462012932
bior3.1,25,1.0828810849828534,nan,0.7996535239354833
bior3.1,27,1.0891028958174012,nan,0.8162916107110375
bior3.1,29,1.0925158025584625,nan,0.8178874389890171
bior3.1,31,1.0938506973653532,nan,0.818171260183045
bior3.1,33,1.0940012370401786,nan,0.8182675372806517
bior3.1,35,1.0942313652973563,nan,0.8184747933257699
bior3.1,37,1.0939754787951996,nan,0.8185147670097604
bior3.1,39,1.0943513149851487,nan,0.8186512020964158
bior3.3,5,1.064522180468193,0.18401497271294875,0.5775970317698571
bior3.3,7,1.0777089716653065,0.19429239258485828,0.5951383875482106
bior3.3,9,1.0817310210263131,0.18078199430202674,0.5851642640715922
bior3.3,11,1.0865878171796388,0.18496493403260478,0.5892620526217031
bior3.3,13,1.0903322307460257,0.2140235140817656,0.6472236728907674
bior3.3,15,1.0912817206816938,0.21625697985528536,0.646921123715795
bior3.3,17,1.0894562352435753,0.21521849054415126,0.647066214061214
bior3.3,19,1.0886060118480854,0.21506193381714203,0.6488785893454024
bior3.3,21,1.0850406161845265,0.23626149504734562,0.6686754526939396
bior3.3,23,1.0878478756190015,0.2455125012157844,0.6747431374010388
bior3.3,25,1.0882783302702537,0.24676815049559495,0.6770135589456087
bior3.3,27,1.0878675871637256,0.24775065258043602,0.6778095461168893
bior3.3,29,1.088691361520638,0.25645633573802484,0.6879053178938327
bior3.3,31,1.0880183768959681,0.25922399768966703,0.6882755722010756
bior3.3,33,1.088003476419658,0.25950261157173177,0.6884067492030665
bior3.3,35,1.0863807557145648,0.3909209214664508,0.8008897258160221
bior3.3,37,1.0863394482601965,0.3906501102578654,0.8011471340480077
bior3.3,39,1.0866114950601131,0.3904492956988272,0.8017139015144242
bior3.5,7,1.0615157154272807,0.1981131053484682,0.6002219753213047
bior3.5,9,1.0774794122338964,0.20837255383515935,0.6219403465716257
bior3.5,11,1.081554740594502,0.19712566622600744,0.6213320497127379
bior3.5,13,1.0869070098093787,0.19973910015514781,0.6254585581390046
bior3.5,15,1.0883873826172972,0.2178360738705409,0.6624408406672101
bior3.5,17,1.0889171501791954,0.21750733601595848,0.6631164115696307
bior3.5,19,1.0884731003290191,0.2148298399605899,0.6685944434113118
bior3.5,21,1.0920625875455856,0.30340628664614105,0.7756108469176503
bior3.5,23,1.090843635030059,0.3009226123650174,0.775774363894738
bior3.5,25,1.0964219699799318,0.32490320066000156,0.7852703388832598
bior3.5,27,1.0970638120591585,0.3251553166174274,0.7860413099068483
bior3.5,29,1.0975298447037496,0.3259885374644026,0.7868809963404372
bior3.5,31,1.0990291133819317,0.3339307200363801,0.7905282357765514
bior3.5,33,1.0991700019342268,0.34110230582455,0.7924345967180796
bior3.5,35,1.0988772012172703,0.34546899124003455,0.7937521996597818
bior3.5,37,1.0929148215304023,0.38681364651181693,0.8108407217309556
bior3.5,39,1.0931666410534073,0.38545138361924114,0.8105692968800666
bior3.7,9,1.057494104685365,0.14697366751203284,0.5330477170038774
bior3.7,11,1.0724863547702916,0.1553816032935247,0.5573529978847465
bior3.7,13,1.076440664857483,0.14769528465141524,0.5594501422979918
bior3.7,15,1.0808580073126584,0.15107930824965804,0.5620237505478707
bior3.7,17,1.0843528452915796,0.1703244949761281,0.5904904326838871
bior3.7,19,1.084466540274674,0.16956978585558166,0.5907455059082657
bior3.7,21,1.0830505119731464,0.17248383866648992,0.5964851392364384
bior3.7,23,1.0888682243299335,0.21516481922599293,0.6628743936032052
bior3.7,25,1.0885345313518622,0.2143508192712569,0.6637917192868068
bior3.7,27,1.09357067114266,0.23286606047565633,0.6733047950254136
bior3.7,29,1.0929484503336864,0.23049366519594372,0.6737114329804191
bior3.7,31,1.0927764738456214,0.22797868448298278,0.6751390060682905
bior3.7,33,1.0940133316494114,0.22810502608281835,0.6767471279082489
bior3.7,35,1.094642088120888,0.22744939096071262,0.6776871663622293
bior3.7,37,1.0947725547085205,0.22706771372596266,0.6779684157358837
bior3.7,39,1.088870801841307,0.3548805425696934,0.7972441982104662
bior3.9,11,1.0533696390889735,0.1990020719268053,0.6120291707546481
bior3.9,13,1.06776698338998,0.2080086952396924,0.6343680580872094
bior3.9,15,1.0693416462591923,0.20504856044843417,0.6458831213507935
bior3.9,17,1.0899726549810278,0.25756145407187697,0.7236404344708992
bior3.9,19,1.101123319968995,0.2829354872954906,0.7325824904695907
bior3.9,21,1.1012065916248064,0.28168345609886414,0.7318583524058203
bior3.9,23,1.0990746356715781,0.2854251770783057,0.7342669743945907
bior3.9,25,1.0972161105411575,0.32324020693947414,0.768087032567564
bior3.9,27,1.0966879183461338,0.323172731505911,0.7681985650737065
bior3.9,29,1.0968340105010657,0.3232759674689799,0.7685594316897956
bior3.9,31,1.0959528025712024,0.3212481241430852,0.7685523612864561
bior3.9,33,1.0952805242277899,0.31735962419354957,0.7686743409143466
bior3.9,35,1.1026115067747082,0.33227353578953694,0.7814485590501273
bior3.9,37,1.1033162656046076,0.33383271602217185,0.7824471835525807
bior3.9,39,1.103308312287938,0.3348376103640618,0.7823108469241647
bior4.4,5,1.0621874431142815,0.21645900211146538,0.688517240164513
bior4.4,7,1.0757072392835823,0.24487955321181215,0.7242772102358236
bior4.4,9,1.084187149754607,0.24972780221058127,0.7434727947676933
bior4.4,11,1.089227463486701,0.25331687000893444,0.7457760485176281
bior4.4,13,1.0902817132906635,0.2583759839077041,0.7654330333332732
bior4.4,15,1.09018246754555,0.2574214850133805,0.7664454994705397
bior4.4,17,1.0898258119354656,0.25690917287281145,0.7668282172107006
bior4.4,19,1.0898519916057274,0.2591781142774715,0.7693851029947372
bior4.4,21,1.097068374255113,0.34287911032421453,0.8670795401402215
bior4.4,23,1.0965619727596265,0.3424552934457029,0.8680749220975914
bior4.4,25,1.1087368487696783,0.3761963438646671,0.8806590308923187
bior4.4,27,1.108408564599412,0.37549000842345176,0.8801906974111506
bior4.4,29,1.1079082089297572,0.37464296197441493,0.8795788889709192
bior4.4,31,1.1077008844887577,0.3832368410057215,0.8855548392675295
bior4.4,33,1.107173489693374,0.3822535290688328,0.8861826026836211
bior4.4,35,1.1065750224008302,0.3808711194056453,0.8869313888473451
bior4.4,37,1.1061815538507853,0.42597364767188095,0.8925412453203553
bior4.4,39,1.1061421495890822,nan,0.8935388565927858
bior5.5,7,1.0619378223991993,0.19020570540755072,0.6053119473667253
bior5.5,9,1.0759707609621028,0.20274992987838217,0.6294295161249714
bior5.5,11,1.0812441535885846,0.20611446785739812,0.6476354870161567
bior5.5,13,1.0868913946647962,0.20880132732183837,0.6504646179152055
bior5.5,15,1.0884565516958555,0.21018547790682315,0.6630323565928933
bior5.5,17,1.0886453231335116,0.20958738387743456,0.6626540510996414
bior5.5,19,1.0952906247881633,0.22097385482743181,0.6675843113552509
bior5.5,21,1.10352744470324,0.2906787069707016,0.7622550244729493
bior5.5,23,1.1029024752293863,0.2896736055583339,0.7619150389290726
bior5.5,25,1.1107281074148314,0.322465447071307,0.7742369073855004
bior5.5,27,1.110205574124246,0.3213100031609964,0.7740328694816243
bior5.5,29,1.1100456137209165,0.32176982825892464,0.7738117099747155
bior5.5,31,1.113082362728187,0.33060479927658387,0.7761297615255305
bior5.5,33,1.112791804233663,0.33117241433715144,0.7757268493295
bior5.5,35,1.1124216356697672,0.331421019251072,0.7751347283945941
bior5.5,37,1.112268570666554,0.3504688913266069,0.7769617447151952
bior5.5,39,1.112012270743576,0.3498932873929784,0.7767557325933374
bior6.8,9,1.052349891307181,0.22150572058777201,0.6924179994355882
bior6.8,11,1.0609590818511367,0.24954077104562292,0.7325221837465691
bior6.8,13,1.0698297410481477,0.24729822582578528,0.7394263983762857
bior6.8,15,1.0741634501698571,0.2507665628582862,0.7425120179211258
bior6.8,17,1.0898427504813193,0.30009903670221366,0.8296375694666072
bior6.8,19,1.106502120401524,0.33228775019437,0.8425396923752352
bior6.8,21,1.1107957797467833,0.345200716514675,0.8474012224052323
bior6.8,23,1.1109563849971333,0.346638532465524,0.8470148765274284
bior6.8,25,1.1112244044984594,0.38352679415391056,0.8846843986471223
bior6.8,27,1.1113195434615204,0.3836854004785912,0.8851798276153532
bior6.8,29,1.1098203374030817,0.382141403520913,0.8849461085187936
bior6.8,31,1.1093191303132517,0.3824026436308742,0.8847877137210008
bior6.8,33,1.1097800570785332,0.3831945751948767,0.8848756771582634
bior6.8,35,1.1063391602138304,0.385272692088326,0.8896575812609999
bior6.8,37,1.1059075381161567,0.3834844565312027,0.8898629913951499
bior6.8,39,1.1070680240701267,0.4044628748578535,0.8903721545172923
coif1,3,1.0670705748113805,0.22593708479032296,0.6687616591300266
coif1,5,1.0846047647141033,0.2710284645994819,0.7171684639148272
coif1,7,1.0893825193114401,0.27287011775371467,0.7212775695816088
coif1,9,1.0949867847131172,0.27658477750401705,0.7227518501659205
coif1,11,1.0969900756995803,0.2853806428368606,0.7489955489743828
coif1,13,1.0967479375930551,0.28513553979076656,0.7480095554728354
coif1,15,1.09583890776689,0.28334664782117386,0.7478135836894897
coif1,17,1.09873111174481,0.2903113512959092,0.7519971472952557
coif1,19,1.098440146514566,0.31537444828725414,0.7767293768242853
coif1,21,1.097946160451957,0.3139595399500334,0.7774929019251564
coif1,23,1.101863920335152,0.32165584716449747,0.7816865056704343
coif1,25,1.1012548184887672,0.3193031290805436,0.7816096556867439
coif1,27,1.1007539815006635,0.31630921724832134,0.7814624565391982
coif1,29,1.1025520027427458,0.3300124800538034,0.790381156399058
coif1,31,1.1018783177616005,0.3272628741937643,0.7912929300365502
coif1,33,1.1012539196954438,0.3246475860961625,0.7917012620591783
coif1,35,1.1030279714105586,nan,0.893622842845913
coif1,37,1.10215901479373,nan,0.8944541104741592
coif1,39,1.1021199761328966,nan,0.895537747859151
coif2,7,1.0625895731815864,0.190995979817157,0.6076379885020676
coif2,9,1.0764997543057828,0.2061133351483362,0.6318009662843631
coif2,11,1.0803671654660625,0.20588626809934346,0.6389338387599934
coif2,13,1.0864271583182965,0.20928077712160395,0.6418312471842265
coif2,15,1.0877589034625241,0.20998235407949983,0.6560118180973246
coif2,17,1.0875953380190948,0.20816466582140536,0.6553391267390797
coif2,19,1.0948846089229953,0.21940904259335356,0.6604146144067438
coif2,21,1.1028008116858394,0.29183027414095514,0.7593768700930152
coif2,23,1.1022586317791032,0.29081253746952773,0.7589675467191049
coif2,25,1.111172908065022,0.32485659612554835,0.7713494747842881
coif2,27,1.1102096891674054,0.3227925825518156,0.7712773566661696
coif2,29,1.1097689212552935,0.32154874666103,0.7712291276916525
coif2,31,1.1109516604297927,0.3287175961094878,0.7745736261205414
coif2,33,1.1110904108771336,0.3266741407919528,0.7739829374534578
coif2,35,1.1106456981595858,0.32567218473722154,0.7740576368276562
coif2,37,1.1107023089002015,0.3427280902477234,0.7773518275675599
coif2,39,1.1104231311595125,0.34111500621475815,0.7771863077746378
coif3,9,1.0491219997916754,0.20362314507111337,0.6706718232254031
coif3,11,1.0580137907945593,0.24129926483032377,0.7200281869518317
coif3,13,1.0664790883372497,0.238565349726419,0.7274890289104199
coif3,15,1.071151965541984,0.2424883447840727,0.7305781356341352
coif3,17,1.0880270909502252,0.29111797174713433,0.8190194996287897
coif3,19,1.105852822990945,0.32261321478345245,0.8315819922741311
coif3,21,1.1105731713107743,0.3367748975473463,0.8368127395210786
coif3,23,1.1107494602627672,0.33968808575643017,0.8371319569578244
coif3,25,1.1117524287678093,0.37605982821851686,0.8747950958833093
coif3,27,1.111705409100219,0.37697502435305147,0.8752395153554898
coif3,29,1.1116077194638727,0.3782096751820596,0.8759582148683657
coif3,31,1.1115120301393033,0.3841631969096886,0.8761182948528717
coif3,33,1.1114057418713588,0.385590337233927,0.8761408212324039
coif3,35,1.1090196751287036,0.38833652230302806,0.8804256150779955
coif3,37,1.1089069491796397,0.3870172428258711,0.8807128788109885
coif3,39,1.1091970817082477,0.41419486811875555,0.8912559988889186
coif4,13,1.0472268374613212,0.11232561035018795,0.5089320809904182
coif4,15,1.0571813755977453,0.12591945066695037,0.5316689118924498
coif4,17,1.0600557233271288,0.12318590825023899,0.5380504914162075
coif4,19,1.0820594433447235,0.1653558256994079,0.6125461981183731
coif4,21,1.0900315008265689,0.18913670478746128,0.6223419445223977
coif4,23,1.090095017851273,0.1890162365201458,0.6226348063970427
coif4,25,1.0932978537518105,0.1978099177031307,0.6262764311429688
coif4,27,1.094776843084422,0.20411092785677626,0.6400317845770079
coif4,29,1.0948118926807038,0.20379037160511862,0.640150929348595
coif4,31,1.09826927038412,0.21388743301107477,0.6435815029736578
coif4,33,1.0983864775898795,0.21410411944221916,0.6437175268761948
coif4,35,1.0982792241264419,0.21387176965717242,0.6440346231706799
coif4,37,1.099197806860637,0.22608725515163325,0.6520075386474538
coif4,39,1.09995488905619,0.22510135636073955,0.6530055096236789
coif5,15,1.0414345866056007,0.13987981319959872,0.5539658038948237
coif5,17,1.0536879217245319,0.16849045272470545,0.6010613418257866
coif5,19,1.0635401196643264,0.17126423482287093,0.6057630284683393
coif5,21,1.065156624518712,0.17343814443595562,0.6070440994130484
coif5,23,1.079867282838851,0.20027284722512131,0.6594037685814316
coif5,25,1.0857974505044594,0.2125623118249122,0.6666377790257888
coif5,27,1.0903547470716604,0.22067575492729524,0.6696098687761642
coif5,29,1.0986599673196298,0.2709168705574101,0.7549432293380419
coif5,31,1.098479308470176,0.26989227378019115,0.7546977959234215
coif5,33,1.1065763885529567,0.2956633313468415,0.7646740948334944
coif5,35,1.1063244945465427,0.29469346392108947,0.7640832790725963
coif5,37,1.1060851895679034,0.2937884551982387,0.7636742928344099
coif5,39,1.1032785376238248,0.29867966165024695,0.7664888580609978
coif6,19,1.0441068811939644,0.1897670920720845,0.5740772587527484
coif6,21,1.0826559359529815,0.2331757307456855,0.6930176467311747
coif6,23,1.097361019099957,0.2583002006418842,0.7075571690188632
coif6,25,1.100072358029299,0.2651096717015751,0.7247636937404331
coif6,27,1.1008733947934815,0.26578813383171335,0.7245469010943292
coif6,29,1.100836819825169,0.26471219614414093,0.7236220844782729
coif6,31,1.1036075181172011,0.26896912008300816,0.7253292590687287
coif6,33,1.1052376021851145,0.2841259674474326,0.7549244710371631
coif6,35,1.1051609266172482,0.28339562774409605,0.754722978210543
coif6,37,1.105097403574279,0.2824537320150699,0.7543869760228503
coif6,39,1.1050275819186264,0.2818728532509263,0.7541588666921965
coif7,21,1.0313946468647945,0.14378611023663648,0.5755048733247168
coif7,23,1.0407009044426097,0.17108128295899422,0.6140357383806071
coif7,25,1.0763333604647913,0.21440110671133847,0.7126067825527261
coif7,27,1.0796655243394102,0.21917906118451752,0.713513051457366
coif7,29,1.083835340842864,0.22508291814186537,0.7411076352441014
coif7,31,1.084540147534828,0.22713368905614528,0.7418999476821987
coif7,33,1.0846717239739123,0.22804080250003705,0.7419144915745308
coif7,35,1.0939773577154137,0.3230403965513739,0.8579482875255425
coif7,37,1.0940247367526392,0.32331792439791324,0.8580377693910765
coif7,39,1.1085224093411454,0.3638521259267217,0.8720489058106882
coif8,25,1.0360530244317425,0.07649808494976948,0.44281815051761136
coif8,27,1.0642509717088422,0.10346031385562633,0.5151799381368891
coif8,29,1.07069069962269,0.11842383741110989,0.5283665436814512
coif8,31,1.0770367681968405,0.1246786325445967,0.5493282591506903
coif8,33,1.0797610638340465,0.13523067013435816,0.5519934388433468
coif8,35,1.0858202975212132,0.15248575736056486,0.5583411500235169
coif8,37,1.0955006291997373,0.19596451869636247,0.6265475859507965
coif8,39,1.0955094698431682,0.19581964157771672,0.6265885366224727
coif9,27,1.0264062460062557,0.11392872932677678,0.49878307300014796
coif9,29,1.0339236218252605,0.13688726549610927,0.5358707810540102
coif9,31,1.0609739261890965,0.1649353222533594,0.6161650329585929
coif9,33,1.0809906390764763,0.20914575172263178,0.7026683720133882
coif9,35,1.0906453820958302,0.2370938875917096,0.7143401189974149
coif9,37,1.0906122858731349,0.2366033108544694,0.7141830242112521
coif9,39,1.0943285473426687,0.24684461013445272,0.7183245173661842
coif10,31,1.0318890283381907,0.09593695238679585,0.47387698055048094
coif10,33,1.0520202772808798,0.1106767694482168,0.5407114732886639
coif10,35,1.0618801043240256,0.1259279795864683,0.5553234020780794
coif10,37,1.077899407022212,0.15394858945517062,0.6135040267167071
coif10,39,1.0839263390115375,0.17371474976115336,0.6223237784010422
coif11,33,1.0535927183294622,0.24184658634996856,0.6386246158332829
coif11,35,1.0890736937619863,0.3019616783090696,0.7743325376929515
coif11,37,1.096146787932463,0.3065703768902685,0.8075986106907942
coif11,39,1.1035557082077738,0.32103549770717393,0.8340859828223444
coif12,37,1.0769329102340015,0.1667114535732427,0.5632496346652479
coif12,39,1.0811215002761927,0.16401360379713495,0.5772308298411547
coif13,39,1.0343470187317898,0.12870797985932625,0.5051860392518753
db1,3,1.0940635740690443,0.3705312787796063,0.7714525989577591
db1,5,1.0995834136813871,0.41771339107571254,0.7968121675111239
db1,7,1.1065774877196575,0.4328953099583433,0.8006491929815626
db1,9,1.10712165203455,0.4605275886363148,0.8179470628825756
db1,11,1.1064619311888888,0.47842808558395256,0.8208760606382917
db1,13,1.1046686109121937,0.4714355673980988,0.824313203129148
db1,15,1.109285828940892,0.4767840769266317,0.8309257937601805
db1,17,1.1085695035729584,0.5109851320352661,0.8697225445627622
db1,19,1.107816643171202,0.5066265512875852,0.8727743009212597
db1,21,1.10977993382739,0.5280983752371627,0.8755950567193667
db1,23,1.1090889157856088,nan,0.8767030640572233
db1,25,1.1080694235976825,nan,0.8790396120172292
db1,27,1.1072864426647706,nan,0.8828146713964568
db1,29,1.1065260094302967,nan,0.8834576754732053
db1,31,1.1058317536461744,nan,0.884823376789798
db1,33,1.1056518058245035,nan,0.8956057681657503
db1,35,1.1056984856215653,nan,0.8969830506291634
db1,37,1.105893101690883,nan,0.8982811101141388
db1,39,1.1064324792605016,nan,0.8996334651649561
db2,3,1.0675131254631036,0.2518656912108439,0.6586101252798023
db2,5,1.087522022406957,0.26997486151248257,0.682065187234098
db2,7,1.0898247248004778,0.26875186396781336,0.7007160017828988
db2,9,1.0971008441021566,0.2747767405829497,0.7055544798554749
db2,11,1.101683846870327,0.3193503435957282,0.753573266715894
db2,13,1.1013888329506085,0.3178666515052856,0.7531079937098883
db2,15,1.105388532143999,0.3257538580347621,0.7579054271596096
db2,17,1.1044325934062535,0.3248578785268966,0.7579133545797037
db2,19,1.1042084094699274,0.3657684238614949,0.7742444785863701
db2,21,1.10361742433761,0.3661028214003541,0.7744784536984544
db2,23,1.1039256733962504,0.36537018688869044,0.7739094699883544
db2,25,1.1034692333081682,0.3632270161858616,0.7737968421492601
db2,27,1.107872700788381,nan,0.7833273024491343
db2,29,1.1071082471848492,nan,0.7830252486382042
db2,31,1.107745401667581,nan,0.7850490589949636
db2,33,1.1074548612725525,nan,0.7851772023723397
db2,35,1.1075402659074172,nan,0.7891102790875502
db2,37,1.1072198941567426,nan,0.7892495070500493
db2,39,1.1070279715696707,nan,0.7894908685407016
db3,3,1.059736771822981,0.21007447980057944,0.6299414059868258
db3,5,1.0786683080902415,0.24985020258543159,0.6847152086777496
db3,7,1.0870809636287544,0.25729421512877043,0.7130844909160922
db3,9,1.0936730214594148,0.26059536393235205,0.7159194808679186
db3,11,1.0954002982261943,0.2752394294061614,0.7426868825286232
db3,13,1.0955415551074439,0.2769375269015039,0.7442729068796998
db3,15,1.0949074343484608,0.27779025144400915,0.7454116251503706
db3,17,1.0984821105113984,0.2831994261595218,0.7478084768745707
db3,19,1.0979801091744577,0.30566037593562767,0.7669158253451692
db3,21,1.0974627605318255,0.30374413052611854,0.7665704877423943
db3,23,1.1011572632272795,0.31348253347349664,0.7728802349371401
db3,25,1.1006283151552514,0.31162530606740263,0.773018361737912
db3,27,1.1000208048579994,0.3104733371199961,0.772939006441386
db3,29,1.1048812889426032,0.32984126625810356,0.7832317749776878
db3,31,1.1040356117952095,0.32739553810091776,0.782728844545524
db3,33,1.1034594915628095,0.32430318712569056,0.783572104098302
db3,35,1.1048131595627373,0.46340495688019606,0.8888889790240206
db3,37,1.1045077361560216,0.46237455412042017,0.8894384073211304
db3,39,1.1045361518915093,nan,0.8901332341653176
db4,5,1.0620869766703607,0.16974497857903564,0.5546161872944326
db4,7,1.0784030976392924,0.19438772555294517,0.5891502611575434
db4,9,1.0824102101497197,0.19755947934524037,0.609642376923601
db4,11,1.0887275178075646,0.20330003243060465,0.6170484869975267
db4,13,1.0912750433533691,0.20576208219661885,0.634520420361402
db4,15,1.0908737441800953,0.20554891042364634,0.6350146371898268
db4,17,1.0937979381200376,0.20923360021944978,0.636929691380958
db4,19,1.0936359336067556,0.20927577241478912,0.6365069928997164
db4,21,1.0941382019981185,0.21855717879199382,0.6500353296181289
db4,23,1.096988870048566,0.22722695776491042,0.6541715056170064
db4,25,1.0967116983959304,0.2261171854491925,0.6542735715518823
db4,27,1.0960353932451459,0.22533003665812204,0.6555673412685891
db4,29,1.101421965144446,0.24763195202861452,0.6633075971002961
db4,31,1.1011163619988535,0.24745555524054913,0.6630313332238351
db4,33,1.1012613741015962,0.2467646049111438,0.662707590202176
db4,35,1.104572731733034,0.3434999771424233,0.7630677843961514
db4,37,1.1046761118342523,0.3433320909734828,0.7632357004962201
db4,39,1.1044487248318287,0.34252810287708246,0.7634270531126779
db5,5,1.0533174739941944,0.18716130150438284,0.64982529415655
db5,7,1.0679145225925724,0.22453897963299735,0.7046332593669639
db5,9,1.077674501772713,0.23286696628996856,0.7282578958670561
db5,11,1.083227304563397,0.23902479910044921,0.7341523999154561
db5,13,1.0855243337043625,0.24185681353483754,0.7474364258011063
db5,15,1.085413156814083,0.24250898955560926,0.7475221021576148
db5,17,1.0846441523482784,0.24113094332555374,0.7469368917312238
db5,19,1.0858646281188322,0.24238074269226836,0.7496499764516258
db5,21,1.0944976286822006,0.34024881348130437,0.8587067930469637
db5,23,1.0943445523565203,0.34093796934312826,0.8595485157539432
db5,25,1.1090323232567008,0.3803778789311589,0.8757872208530652
db5,27,1.108669623334022,0.3802174040572709,0.8758312246778115
db5,29,1.1079520074845655,0.38104679617995085,0.877184933605801
db5,31,1.1087841216966983,0.3948917290348282,0.8853851691462176
db5,33,1.109024121571499,0.39335017330549676,0.8862747743579457
db5,35,1.1091243284026495,0.3923547315163759,0.887162563981297
db5,37,1.1100081879576396,0.4350872087412333,0.8903985984001703
db5,39,1.1099929822270445,0.4348077302209199,0.8909374161047088
db6,7,1.057301346928566,0.17120721302450012,0.5727712813148796
db6,9,1.07150221387447,0.18850441386374547,0.6076113014241885
db6,11,1.0750122864616236,0.18501096941195397,0.6203705103510094
db6,13,1.0811237381890784,0.18802336606247522,0.6248479328413755
db6,15,1.0815644131391442,0.1907749156244146,0.6367048639382638
db6,17,1.081346779687855,0.18984798351129725,0.6358787998296751
db6,19,1.0902942461513747,0.20498527147177673,0.6451521530332667
db6,21,1.100209194692791,0.2817404926477637,0.7507061238918504
db6,23,1.0995338801496932,0.2798826495302844,0.750162045276731
db6,25,1.1095163485509179,0.31674444200241697,0.7641416507871515
db6,27,1.1089026038812386,0.31525832659304126,0.7638432188431354
db6,29,1.1082289862459869,0.31323139950683115,0.7634877628316747
db6,31,1.1093308667373245,0.32473843127013075,0.7692451017703537
db6,33,1.108888247838009,0.3234299492524425,0.7689328147682118
db6,35,1.1088390333960938,0.3219815741488431,0.7684227107971581
db6,37,1.1086874059503333,0.3399506708935081,0.7724935660891604
db6,39,1.1085633717190242,0.33882483375331224,0.772056965111502
db7,7,1.050582667241181,0.1480166539034054,0.5613457337050712
db7,9,1.061306462769903,0.1830962648194002,0.6153561085176412
db7,11,1.0705418830187283,0.18978443698730493,0.636809845926814
db7,13,1.0762308018496645,0.19390611778152866,0.641429736148395
db7,15,1.0776441905573686,0.197309279721263,0.655192030548261
db7,17,1.081306827973426,0.20383696458816555,0.6586088695642598
db7,19,1.088929357181988,0.21952753322152022,0.6669282931541716
db7,21,1.0886191126718308,0.2184339912855263,0.6661478152002961
db7,23,1.0975192655340997,0.271219614387149,0.7533871895966051
db7,25,1.0972473366882234,0.27022064257645095,0.7532188430298307
db7,27,1.1043847961487285,0.2970043569200679,0.7644002077185341
db7,29,1.1038523102494209,0.29585147503508963,0.7641956889588465
db7,31,1.1032523727196553,0.2945657462307736,0.7643370348689348
db7,33,1.1016973159266117,0.29130796009248006,0.7706132084952496
db7,35,1.1016706962945524,0.29060116788699436,0.7706936479209627
db7,37,1.1006990674659136,0.42564595599830696,0.8999274731148236
db7,39,1.1005876441919022,0.42735062064777257,0.9010676536786948
db8,9,1.0527588304526336,0.10798008109130176,0.4915307982845577
db8,11,1.0650167512136088,0.12358470649562835,0.5241479494634649
db8,13,1.0673452901326377,0.12367720517765579,0.5407751839657557
db8,15,1.0732905839915594,0.12896955827100695,0.5475449902586894
db8,17,1.0781090476904356,0.13960696663784183,0.5576474970558146
db8,19,1.077860985655993,0.1382865710763539,0.5573358354127059
db8,21,1.0842655661964582,0.15377117493629958,0.5648470444687091
db8,23,1.0940057129306058,0.19741014435922108,0.6329686801313921
db8,25,1.09377317671069,0.19624254828582224,0.6329185232034459
db8,27,1.0999594845085434,0.22224636455507057,0.6431026160413496
db8,29,1.099632736957249,0.22130496302730868,0.642979134291337
db8,31,1.0993128652005955,0.22061600086671193,0.6434005551254572
db8,33,1.0974776680129588,0.224521349701109,0.644679813297166
db8,35,1.096932747171779,0.2220262299984514,0.6453751760261328
db8,37,1.0952505643239339,0.21880893525770767,0.6454078312697141
db8,39,1.0979762157209887,0.2943773323279287,0.7558863316756846
db9,9,1.0428721582573652,0.17865336137659513,0.6195702735295445
db9,11,1.0520433641729892,0.21910199702618702,0.6749900801041784
db9,13,1.0589138396831423,0.21400357233534326,0.6909980523029723
db9,15,1.06407080968384,0.2182609358271546,0.6959202509711636
db9,17,1.0842055456972353,0.27931112752794424,0.8059444846932281
db9,19,1.1024828452260702,0.32000003176384473,0.823922366945495
db9,21,1.10732683859664,0.33200921521021154,0.8307177455595377
db9,23,1.1070458567140138,0.3315541408401587,0.8308699992006502
db9,25,1.1086514000196166,0.3765057266229047,0.8770705164904974
db9,27,1.1080418997986496,0.37719242947788556,0.8771008370295197
db9,29,1.1083862537980873,0.3788768549915567,0.8775642291378029
db9,31,1.1080945561024833,0.378526531416212,0.8778075450535282
db9,33,1.107771110946102,0.37876894634580555,0.8779297047214258
db9,35,1.107191119202054,0.3893632157519061,0.8837417677022311
db9,37,1.107060357544959,0.390919717673988,0.8842142214794146
db9,39,1.107001622039445,0.41234951397094893,0.8896072204161017
db10,11,1.0440011884865539,0.15506686169315814,0.5571571784415889
db10,13,1.0543731169809587,0.17418949837655934,0.5913754872188164
db10,15,1.0560416269496808,0.16968204694461092,0.5976849934819218
db10,17,1.0834678694638078,0.22965160940709844,0.7084412677594318
db10,19,1.0967688445598387,0.2631721955727,0.7227324720251571
db10,21,1.0964768167940144,0.2630520294136784,0.7229838603428641
db10,23,1.1015823991296192,0.27432222414109414,0.7299780542251285
db10,25,1.1029917824011473,0.2845899496580275,0.7457928608691924
db10,27,1.1025735043044975,0.28337530250882464,0.7460155238033412
db10,29,1.1027011382668572,0.28419880074975123,0.7460519297292342
db10,31,1.1023479648715706,0.28405417029211577,0.7461180317691082
db10,33,1.1021471231886826,0.28364731597977527,0.7460569550826683
db10,35,1.109242966685437,0.304460105893329,0.7560645153932588
db10,37,1.109110896165394,0.30329692552625226,0.7553232488731382
db10,39,1.109208160810076,0.30211154322057393,0.7553351019169732
db11,11,1.0377241816327323,0.11778079787088412,0.5218771242709431
db11,13,1.0475224602917597,0.15033946699273915,0.5816896714215686
db11,15,1.0543678523012994,0.15479531491114457,0.598432774604137
db11,17,1.0590125968403437,0.15853235946895783,0.6029056742327529
db11,19,1.079272686908783,0.2098565238294159,0.6998604739404576
db11,21,1.0885911704524769,0.24076687278438444,0.7148636357435186
db11,23,1.0928940110058964,0.25118758977838573,0.7206415721968508
db11,25,1.0927029304498261,0.25080446462240813,0.7203920349560831
db11,27,1.093702356287499,0.2589301587040311,0.7409598606901512
db11,29,1.0979420713117671,0.26923687039451166,0.7452188839359621
db11,31,1.0977534630461638,0.2687290374215333,0.7454599866780549
db11,33,1.0976138279742866,0.268453320056439,0.7454934311330723
db11,35,1.1003473239697663,0.28514722542594545,0.7573180095751766
db11,37,1.1000094363484965,0.28384290388038114,0.757070990738352
db11,39,1.1000282206975551,0.2832634584126468,0.7577573738142676
db12,13,1.0417821389630264,0.08249020725669902,0.46968347908287367
db12,15,1.050210237846042,0.091168527447072,0.49175943234030534
db12,17,1.0510657609787748,0.0895214423368906,0.49631301496092334
db12,19,1.0767346114364649,0.13559988880192056,0.5825078896705893
db12,21,1.085628211695458,0.1670581884297931,0.5983643328791522
db12,23,1.085235979511401,0.16656892420173966,0.597994483743196
db12,25,1.0892799783885698,0.17539393211131982,0.6035611515556448
db12,27,1.0912561144308024,0.1801747465718401,0.6169279998300478
db12,29,1.090946072816855,0.17901512603207465,0.6168967328046644
db12,31,1.0942317378585453,0.19051949607230442,0.6209520595516655
db12,33,1.0941258081745242,0.19037198343006353,0.6209488526707985
db12,35,1.0937540080503165,0.18954170815479213,0.6205262384474219
db12,37,1.0965655149295415,0.20875798037947457,0.6318806146628904
db12,39,1.09630244764454,0.20798959768264597,0.6320654289854729
db13,13,1.0342000954561634,0.1258330892498055,0.5615893820418502
db13,15,1.0421388027167466,0.1534481769233979,0.6187261649405468
db13,17,1.0476460982582176,0.14947609633073736,0.627303635934145
db13,19,1.0516606477195487,0.15294541655101895,0.6316595231380301
db13,21,1.0693728740341444,0.1865148230868539,0.708278050851758
db13,23,1.075357023468118,0.20455859478436395,0.7201371389594692
db13,25,1.0807463620662754,0.21424842146906706,0.7256118143914883
db13,27,1.0919283109682207,0.32391408717540887,0.857642670797331
db13,29,1.0916413434861447,0.3234323813027982,0.8576719271513543
db13,31,1.1059196318422306,0.3657959194906743,0.8739067252144478
db13,33,1.1057060915575871,0.3662820399981336,0.8739276807937661
db13,35,1.105629760012924,0.3672018092663315,0.8739352696848747
db13,37,1.1043313093050742,0.3781334462013884,0.8844957179440663
db13,39,1.1039831633563852,0.3785158945869089,0.8851639175341883
db14,15,1.0416343729370285,0.11482454544178684,0.5122450786802007
db14,17,1.0550545722148859,0.12826671328127107,0.5379962174261175
db14,19,1.0554002521465269,0.12363764144265267,0.539171968148212
db14,21,1.0754415510130657,0.15520102796956842,0.6037624906108705
db14,23,1.0803840892591776,0.16992600605733668,0.6125242061589768
db14,25,1.0797628709140912,0.16794792102368253,0.6113348802769869
db14,27,1.0872998157991185,0.17882700344424093,0.617400755145417
db14,29,1.0987862804728568,0.2520518635068657,0.7374418400813969
db14,31,1.0982940075476397,0.2502725629830587,0.7370836406979809
db14,33,1.1086884817426672,0.29277251148964906,0.7518358981541672
db14,35,1.1080998884933349,0.2918747506571613,0.7515027580739924
db14,37,1.107593189984782,0.291111404252901,0.7512504973282884
db14,39,1.1072218197241654,0.29195369517071734,0.7589151063586089
db15,15,1.0340552531940594,0.09771023890682966,0.49379585937632103
db15,17,1.0438695160683984,0.13188928999208427,0.5489582429941768
db15,19,1.054852929378967,0.14052485395220013,0.5637780213231733
db15,21,1.0565934766134435,0.14262511624386837,0.5661531914615988
db15,23,1.0727039277436727,0.1704599798760893,0.6250951904803003
db15,25,1.0785625839092663,0.18686408257426507,0.633466215326835
db15,27,1.0846195487458512,0.19698895086166743,0.6387989720535849
db15,29,1.0946289381775969,0.25345044654280363,0.7345570274901985
db15,31,1.0942780150409486,0.2524322300264928,0.7341201124948719
db15,33,1.1022159903647537,0.28296762700990236,0.7455722197498658
db15,35,1.1016393868037926,0.2819040684723714,0.7451888015540938
db15,37,1.1010728465042892,0.28082744725864933,0.7444907585385118
db15,39,1.0948921288011315,0.2738663877178955,0.7479402055931084
db16,17,1.0399492056927628,0.07209876823537295,0.4470821122002727
db16,19,1.0502576426517327,0.0812648932975084,0.47280960127301935
db16,21,1.052745733824714,0.08491178897209327,0.4761146279746666
db16,23,1.0704460969341383,0.10780209335646994,0.524386826189508
db16,25,1.075359526294472,0.12503188866253284,0.5336872861801909
db16,27,1.0750704836328955,0.12443293009245057,0.533212402588414
db16,29,1.0810924357704967,0.13836012393972996,0.5400621587340156
db16,31,1.0925660844762868,0.18456610621322314,0.611497665405758
db16,33,1.0922284757248157,0.1838858223624005,0.6109702352944251
db16,35,1.0985686579093552,0.2101457767796316,0.6217020013101833
db16,37,1.0981127939703803,0.20924563496516696,0.6212747058591004
db16,39,1.097697548762584,0.20841941814148582,0.6208258435368917
db17,17,1.0266123324902001,0.17650492815597282,0.5703307781229935
db17,19,1.04007052436941,0.22078454721698673,0.6336972304352239
db17,21,1.0954444406297124,0.2944616903700011,0.7952167069323556
db17,23,1.0962734973768007,0.29663012244338943,0.7982290353254763
db17,25,1.0981818402999994,0.3013002408172059,0.819479633349025
db17,27,1.099263883087885,0.3039681684639501,0.8196120683206638
db17,29,1.103836385196034,0.3141281049664955,0.8247359048290595
db17,31,1.1062273128132425,0.3575297077312597,0.8688121790665797
db17,33,1.105899000714974,0.357482774539961,0.8688467855957438
db17,35,1.1073634427547656,0.3619805303334907,0.8699552029353992
db17,37,1.1070893670471373,0.3616864185643639,0.8696946541562952
db17,39,1.10678492992883,0.3623579016367789,0.8695457999837368
db18,19,1.0357749911403709,0.16459737923281656,0.5194384994848695
db18,21,1.0773044881868892,0.22292024659407023,0.6737551085407578
db18,23,1.0903417511243518,0.2477809836689433,0.6872632177011485
db18,25,1.0955549280708357,0.2476339033983143,0.7025949121844876
db18,27,1.0964639413253774,0.24758893881111135,0.7020752998043085
db18,29,1.0960410099973257,0.24645283645845897,0.7009593169726498
db18,31,1.100310395270162,0.2528805228321579,0.7048303095036987
db18,33,1.101323907299962,0.2684374321652032,0.7404244337314454
db18,35,1.1010779219765425,0.2681715967819725,0.7404908757623191
db18,37,1.101706231042009,0.27157677857811313,0.741197979106785
db18,39,1.1014054565830251,0.2710319961959831,0.7409938611381025
db19,19,1.0252261660583464,0.11740641164875477,0.4731187927859316
db19,21,1.0354227507330793,0.1573830232994992,0.5350172191126767
db19,23,1.085455278063892,0.22941080178178827,0.6849396181755095
db19,25,1.0866612256437627,0.23216805451241934,0.688451717368386
db19,27,1.090021154363578,0.23854220053241298,0.708521480762202
db19,29,1.0896532363463678,0.23752308785640813,0.7073861679650897
db19,31,1.0930265385361857,0.24305932443267503,0.7104206620669411
db19,33,1.0927504399920696,0.24618214361238427,0.7252803593115951
db19,35,1.0925532520332908,0.2455846755657736,0.7251502308654204
db19,37,1.0969454024647047,0.25839350914023596,0.7297969543538567
db19,39,1.0967536476636466,0.2580165345591646,0.7296170064140616
db20,21,1.0317295791848993,0.08920759783447638,0.43107018088641935
db20,23,1.070533853370509,0.12950141098327922,0.55264961734202
db20,25,1.0812502327339188,0.1533032037332101,0.5713883241399799
db20,27,1.084632151255292,0.15685343174310318,0.582446669877858
db20,29,1.0842881409007687,0.15628354098855102,0.5819209464362973
db20,31,1.0840080202431395,0.1562284472863916,0.5823302309132732
db20,33,1.0871673867849545,0.16102664614766796,0.5856230504714628
db20,35,1.08912581284759,0.16512887295984974,0.5976082891758748
db20,37,1.0909318677061124,0.1776608008084696,0.6022919041643291
db20,39,1.0906425678652212,0.1777884393374987,0.6024343476993493
db21,21,1.0223151881514299,0.1093926461728313,0.4987701981915184
db21,23,1.0317833816183521,0.1401502285247522,0.5544066404782544
db21,25,1.0720693755270045,0.19405318611975167,0.6997796915829783
db21,27,1.0766730696591653,0.20015349687517278,0.7047938634219524
db21,29,1.078453993362641,0.2009424253226317,0.7095689738002775
db21,31,1.078148860395398,0.20008615852050443,0.7090933662003033
db21,33,1.0792207267269485,0.20006520315605533,0.7098369984835279
db21,35,1.09057154963754,0.3069063777429797,0.8524436384539632
db21,37,1.0903707510947382,0.3061318318843927,0.8523736407134244
db21,39,1.105612138616685,0.35175323653869267,0.8689997153560121
db22,23,1.0286494224999632,0.0953985345499299,0.4532406893858402
db22,25,1.062071585947314,0.12725096446707837,0.5664646257112155
db22,27,1.0679297904832064,0.1401024085311597,0.5781773563387126
db22,29,1.0754880443493897,0.1463450760035356,0.588386618593397
db22,31,1.075432709765605,0.1469702811431671,0.5884263299470547
db22,33,1.0850203838046044,0.16718987537162525,0.5988196221504847
db22,35,1.0987751583757022,0.2399620664474588,0.7298413164413183
db22,37,1.098500465155886,0.24009044713295996,0.7301562129345182
db22,39,1.1065393872435687,0.2780400992194242,0.7458372817085774
db23,23,1.021471271947391,0.07410003497206641,0.42400350868936004
db23,25,1.0287598124565862,0.10340950456273397,0.47932986678103323
db23,27,1.0657085149500585,0.15173805735076468,0.60253646660094
db23,29,1.0700048921930663,0.15717169851236976,0.6059747384959531
db23,31,1.0740619724880527,0.16668252383276744,0.6161893169450462
db23,33,1.0736922581578445,0.16591337117155988,0.6151044981268105
db23,35,1.0823132258130763,0.18555342541402733,0.6250507659451002
db23,37,1.0933232028425517,0.24324853918864722,0.7204378897458332
db23,39,1.0929599140114834,0.2421687954965933,0.7200224528624884
db24,25,1.0271732027338911,0.049266483777153654,0.3896004129478082
db24,27,1.057868916670331,0.07234361144153478,0.48126299812971396
db24,29,1.062695012386658,0.08706614651118194,0.49483132747345343
db24,31,1.0682101204216676,0.09514789613070225,0.5098878504255857
db24,33,1.0711445979250214,0.10439898752566008,0.5118093174354695
db24,35,1.078068679009297,0.12072959799145752,0.5208823823229844
db24,37,1.09012362327146,0.16632504176126664,0.594110825805882
db24,39,1.0898775983743005,0.16588203212836156,0.5937179933043851
db25,25,1.0176358316369625,0.1334260453472838,0.5052032671980772
db25,27,1.0270034298433743,0.16233111686749618,0.5600406404579653
db25,29,1.055246324769304,0.1929472118951995,0.6833513520444662
db25,31,1.0826678687370144,0.26795789698518485,0.8102880985833386
db25,33,1.0999830509518584,0.3058810644163375,0.8251324630225711
db25,35,1.0995734188108148,0.30663321034836605,0.8244041316659626
db25,37,1.1060307335093924,0.3251718838616715,0.8334226218828155
db25,39,1.1064007686476829,0.3593183130189876,0.8745712544545514
db26,27,1.0244755521000914,0.10764971263428046,0.4548910339044917
db26,29,1.0482848552400592,0.12813864426819396,0.5533988677006857
db26,31,1.0526098290224561,0.14081126009390446,0.5670771160867054
db26,33,1.0809678300926027,0.1969070657411118,0.6802895547142249
db26,35,1.094219608796708,0.234683199718228,0.6960252784250534
db26,37,1.100007999346652,0.2495204305629092,0.7035810304961336
db26,39,1.100730982933476,0.2608750124135232,0.7318253981182241
db27,27,1.0185003961747945,0.07555350352198932,0.4166329407242578
db27,29,1.0243198453746578,0.09981327876212787,0.46571464934053247
db27,31,1.0494013478344442,0.12675319967093684,0.5675407773669923
db27,33,1.0741687472793204,0.17767681590978007,0.6705328071297657
db27,35,1.0844878724413498,0.21509153777129894,0.6879300977671328
db27,37,1.08416751563717,0.21386551269887577,0.6867948386738149
db27,39,1.0893470871170041,0.2237268604707574,0.6940933847921283
db28,29,1.0237642098609672,0.044381725165445425,0.37377622503509716
db28,31,1.045460094220245,0.06160323272465041,0.4593687928002845
db28,33,1.048877864939701,0.0701753182126141,0.4738286590616502
db28,35,1.0751705495706132,0.11625965828498883,0.5580029540763213
db28,37,1.0825448788727283,0.1437270124840791,0.5701431587217852
db28,39,1.0869273606974121,0.15453378693797035,0.5770319710032146
db29,29,1.0170970443935163,0.08660009036190759,0.45574238925510446
db29,31,1.024679271909014,0.10255189773236785,0.5067116914841642
db29,33,1.044649215580998,0.119001613932194,0.601688406126508
db29,35,1.065880993012944,0.15469949429544388,0.6807413319279857
db29,37,1.0719433212937806,0.17677276164263178,0.6917334686612447
db29,39,1.0716957898388917,0.17618372429835685,0.6906281248195495
db30,31,1.0232436096027628,0.07422772405421327,0.41910587596276583
db30,33,1.0418556816532456,0.08545238637719521,0.4932591239088243
db30,35,1.0524018439516787,0.09913110088263906,0.5130825479539277
db30,37,1.069960172421234,0.12527936515897503,0.5743434434194591
db30,39,1.0750723558841944,0.14386622074128058,0.5837424188034425
db31,31,1.019113040545067,0.06703155635093146,0.4060199275767583
db31,33,1.0251415085818323,0.09472005738274582,0.4524451526200001
db31,35,1.0439541656350635,0.11418729899659329,0.5358389622803192
db31,37,1.0689936904907422,0.14265548645541662,0.5943073292458126
db31,39,1.0739010566416738,0.1599483633543102,0.6038336222552265
db32,33,1.0214280870536332,0.040665948854212146,0.36150743554523856
db32,35,1.040556121204398,0.05425067267180552,0.4323407271243411
db32,37,1.0505285008007073,0.06686132667541934,0.4474366397026703
db32,39,1.0666791109971707,0.08631347119831015,0.49403066025261094
db33,33,1.0465545886871384,0.2194337656112986,0.5885237220595246
db33,35,1.0827619324881852,0.2888476267969482,0.7720297365061674
db33,37,1.0867787726837965,0.28787733409158217,0.7913922261611874
db33,39,1.1002006505919295,0.29316902353857094,0.8180948848672831
db34,35,1.0778450760278133,0.22594277261636167,0.6483717557157661
db34,37,1.082229850237647,0.22482120235935205,0.6657972048017248
db34,39,1.0885980421756654,0.2315613190453403,0.6714985730821873
db35,35,1.038563605608689,0.1462314306401961,0.485873981257531
db35,37,1.0730011155441674,0.2125283943887637,0.6413939118623534
db35,39,1.0759614493178697,0.20977605288399245,0.6572184412585854
db36,37,1.069114570687193,0.13448846318232907,0.5326746262212811
db36,39,1.0714741055593253,0.13215075249176828,0.5417688774241186
db37,37,1.030987791761726,0.12454498593600186,0.5026625561071846
db37,39,1.062884022614483,0.1784100667968373,0.670607673598523
dmey,31,1.0305299761671525,0.13493033221938883,0.5404686437912665
dmey,33,1.0396224625812935,0.1514255274255653,0.5592448992039648
dmey,35,1.0599556400306316,0.16797569968088796,0.6045819169027586
dmey,37,1.0801362178345355,0.2023311036193294,0.6683213578286589
dmey,39,1.087019248752775,0.21684303607445926,0.6784959439468813
haar,3,1.0940635740690443,0.3705312787796063,0.7714525989577591
haar,5,1.0995834136813871,0.41771339107571254,0.7968121675111239
haar,7,1.1065774877196575,0.4328953099583433,0.8006491929815626
haar,9,1.10712165203455,0.4605275886363148,0.8179470628825756
haar,11,1.1064619311888888,0.47842808558395256,0.8208760606382917
haar,13,1.1046686109121937,0.4714355673980988,0.824313203129148
haar,15,1.109285828940892,0.4767840769266317,0.8309257937601805
haar,17,1.1085695035729584,0.5109851320352661,0.8697225445627622
haar,19,1.107816643171202,0.5066265512875852,0.8727743009212597
haar,21,1.10977993382739,0.5280983752371627,0.8755950567193667
haar,23,1.1090889157856088,nan,0.8767030640572233
haar,25,1.1080694235976825,nan,0.8790396120172292
haar,27,1.1072864426647706,nan,0.8828146713964568
haar,29,1.1065260094302967,nan,0.8834576754732053
haar,31,1.1058317536461744,nan,0.884823376789798
haar,33,1.1056518058245035,nan,0.8956057681657503
haar,35,1.1056984856215653,nan,0.8969830506291634
haar,37,1.105893101690883,nan,0.8982811101141388
haar,39,1.1064324792605016,nan,0.8996334651649561
rbio1.1,3,1.0940635740690443,0.3705312787796063,0.7714525989577591
rbio1.1,5,1.0995834136813871,0.41771339107571254,0.7968121675111239
rbio1.1,7,1.1065774877196575,0.4328953099583433,0.8006491929815626
rbio1.1,9,1.10712165203455,0.4605275886363148,0.8179470628825756
rbio1.1,11,1.1064619311888888,0.47842808558395256,0.8208760606382917
rbio1.1,13,1.1046686109121937,0.4714355673980988,0.824313203129148
rbio1.1,15,1.109285828940892,0.4767840769266317,0.8309257937601805
rbio1.1,17,1.1085695035729584,0.5109851320352661,0.8697225445627622
rbio1.1,19,1.107816643171202,0.5066265512875852,0.8727743009212597
rbio1.1,21,1.10977993382739,0.5280983752371627,0.8755950567193667
rbio1.1,23,1.1090889157856088,nan,0.8767030640572233
rbio1.1,25,1.1080694235976825,nan,0.8790396120172292
rbio1.1,27,1.1072864426647706,nan,0.8828146713964568
rbio1.1,29,1.1065260094302967,nan,0.8834576754732053
rbio1.1,31,1.1058317536461744,nan,0.884823376789798
rbio1.1,33,1.1056518058245035,nan,0.8956057681657503
rbio1.1,35,1.1056984856215653,nan,0.8969830506291634
rbio1.1,37,1.105893101690883,nan,0.8982811101141388
rbio1.1,39,1.1064324792605016,nan,0.8996334651649561
rbio1.3,3,1.068309798542488,0.25120925141720346,0.6850691649384463
rbio1.3,5,1.0831867479413673,0.2845795012109795,0.7201239343965832
rbio1.3,7,1.0924376367699664,0.2881160881552672,0.7478117063451776
rbio1.3,9,1.097869585692454,0.29184166268410733,0.7498916024390443
rbio1.3,11,1.0992359434326766,0.3013298266057078,0.7656898121721419
rbio1.3,13,1.0985857940002244,0.30306699375248625,0.7666712705918083
rbio1.3,15,1.0978905498265694,0.3071431183531583,0.7667733547195364
rbio1.3,17,1.1000149810482849,0.31583916490406017,0.7719759286439836
rbio1.3,19,1.0999899579430783,0.34329260898892244,0.7856567370956448
rbio1.3,21,1.0997543705085278,0.34310522672584937,0.786005574901231
rbio1.3,23,1.1031486210990262,0.3500078022322644,0.7905883989689177
rbio1.3,25,1.1026640816936042,0.34802906484124796,0.7904612276220649
rbio1.3,27,1.102127041772319,0.3464149708460611,0.7903171889500994
rbio1.3,29,1.1033246895343019,nan,0.7998555774229378
rbio1.3,31,1.1027859001714073,nan,0.8006304140341005
rbio1.3,33,1.102092826993165,nan,0.8011622591836821
rbio1.3,35,1.103105920091126,nan,0.8955759089579775
rbio1.3,37,1.1027724182551413,nan,0.8967038936977387
rbio1.3,39,1.1028423053012657,nan,0.8975705329163238
rbio1.5,5,1.062938831758857,0.22642822732351592,0.6945465727058961
rbio1.5,7,1.0740061200665807,0.2507299456392866,0.7264760587317202
rbio1.5,9,1.0829847555610397,0.2570569928463645,0.7530472403607915
rbio1.5,11,1.088000257255197,0.2614740159353244,0.7570701421842779
rbio1.5,13,1.08974952461253,0.2614666697706456,0.771577078166928
rbio1.5,15,1.0897787144936901,0.2604901558992063,0.7719674757302719
rbio1.5,17,1.089828543603702,0.2602245449090746,0.7722526740775268
rbio1.5,19,1.0891318327923318,0.26021574834338046,0.773424205880551
rbio1.5,21,1.0961432462961,0.36927585134541985,0.8660870679059031
rbio1.5,23,1.0959008867227502,0.36990483486943393,0.8664659632365511
rbio1.5,25,1.1091926844563977,0.4045133445840682,0.8799561471671842
rbio1.5,27,1.1085997718710991,0.4041435868703405,0.8797005553001221
rbio1.5,29,1.1080708700478197,0.4024667603599098,0.87934486359246
rbio1.5,31,1.1069740694830545,0.4105911293645696,0.8861876691651397
rbio1.5,33,1.106377070977805,0.40934318949819387,0.8863951619247159
rbio1.5,35,1.106008349028831,0.40912359702488826,0.8873703697175844
rbio1.5,37,1.1062697070203715,nan,0.8943560925711923
rbio1.5,39,1.1057542427397387,nan,0.8955467546951557
rbio2.2,3,1.0613468925617702,0.19400409314100675,0.6243861316089887
rbio2.2,5,1.0778017399435167,0.24585090703607518,0.6748494594886371
rbio2.2,7,1.085214684292738,0.2465742443265216,0.6829455983475246
rbio2.2,9,1.090980516928068,0.2531173189661137,0.6869417458692288
rbio2.2,11,1.0939525358997573,0.2738301084505621,0.7067646457733777
rbio2.2,13,1.0935973681459412,0.2736832871186783,0.7051339585732695
rbio2.2,15,1.092852912052064,0.27276908068499556,0.7048222646253509
rbio2.2,17,1.0957416238001676,0.27878053158102806,0.7100358147024048
rbio2.2,19,1.0967803985485507,0.316404782268828,0.7468082565424604
rbio2.2,21,1.0961712546968145,0.31319953517459276,0.7457356004272484
rbio2.2,23,1.1003863098706488,0.32391640197484584,0.7527067890560838
rbio2.2,25,1.0993051236363642,0.32215894846571297,0.7535930031222421
rbio2.2,27,1.0988235803481163,0.320484854443272,0.753638491932457
rbio2.2,29,1.1011437422553663,nan,0.7622068461843654
rbio2.2,31,1.1000421374520974,nan,0.7630276841919825
rbio2.2,33,1.098823736279843,nan,0.7631920838492185
rbio2.2,35,1.1007760415979333,nan,0.8828315629410194
rbio2.2,37,1.0993512909120118,nan,0.8836756563906053
rbio2.2,39,1.0988040760403133,nan,0.8847469200146199
rbio2.4,5,1.0599673250683166,0.2078046529783679,0.6794593389183313
rbio2.4,7,1.0730513089713762,0.24470515466232187,0.7233857906019372
rbio2.4,9,1.0819905783495607,0.2459540010895504,0.7319464550041046
rbio2.4,11,1.0870564545492802,0.2508929521670618,0.7350053889591309
rbio2.4,13,1.0895994501268278,0.257375949035631,0.7541954884852677
rbio2.4,15,1.0892858277512631,0.2570123934552717,0.7557661256411158
rbio2.4,17,1.088857294031322,0.2568655635653871,0.7568092731761512
rbio2.4,19,1.0893013303166235,0.25943750572105506,0.7588396294296922
rbio2.4,21,1.0967067503800485,0.35823726521808286,0.8550187028315716
rbio2.4,23,1.096404966847873,0.35888418261407,0.8555306263683905
rbio2.4,25,1.1090199811062662,0.3924002648044963,0.8690989645236229
rbio2.4,27,1.1084723031751245,0.396573960398952,0.8714083914219403
rbio2.4,29,1.1079642073640117,0.3961242232600903,0.8709872097920038
rbio2.4,31,1.1059222903781816,0.4070242692781261,0.8808716645374116
rbio2.4,33,1.1053125636100127,0.4064580029769997,0.8822467431331203
rbio2.4,35,1.1046000483505976,0.40501578522058035,0.8815294809755178
rbio2.4,37,1.1046590601091135,nan,0.8925281188093587
rbio2.4,39,1.104391361150333,nan,0.8941053366409866
rbio2.6,7,1.0592407766886285,0.19364327358168335,0.6276057811749921
rbio2.6,9,1.0697024459125104,0.21978234549891323,0.6650065131583237
rbio2.6,11,1.078737692901153,0.22517414635777816,0.678102512803186
rbio2.6,13,1.0836871760465232,0.22782907297353996,0.6810647508462617
rbio2.6,15,1.085737078549173,0.2304125509441179,0.6918982777043536
rbio2.6,17,1.0887234703606443,0.23355215307193816,0.6936779009985897
rbio2.6,19,1.0950690607011713,0.24706061054378364,0.6989129939060099
rbio2.6,21,1.0948613469301132,0.24642796399381178,0.6986551506567489
rbio2.6,23,1.1018649610942217,0.29763642015825453,0.7723456854896895
rbio2.6,25,1.1015538901912307,0.2959279893996231,0.7716665548579533
rbio2.6,27,1.1087125614938498,0.31904471181179994,0.7808269278995379
rbio2.6,29,1.1082318791233035,0.3178571724514572,0.7801067119133085
rbio2.6,31,1.1081332800384782,0.3172482671619518,0.7795769988059368
rbio2.6,33,1.1091889878193324,0.32301967188873376,0.7808993015321002
rbio2.6,35,1.1087459976230172,0.3220544497887759,0.7804400259198008
rbio2.6,37,1.110781532802981,0.45345019635517503,0.8860918709857784
rbio2.6,39,1.1104608352607555,0.4521474094169356,0.8859025044860579
rbio2.8,9,1.0534464875493765,0.21821958967362237,0.6880246503104808
rbio2.8,11,1.062157442940395,0.24745698419165302,0.7286753039729089
rbio2.8,13,1.0699690649942892,0.2483196419054016,0.7370193450787166
rbio2.8,15,1.0743111123898585,0.2522866028544893,0.7394381924264337
rbio2.8,17,1.0889284891153836,0.2977062723271328,0.8154570451893349
rbio2.8,19,1.1057664169160837,0.32990689475529283,0.8289359782645782
rbio2.8,21,1.110447363952025,0.3429521660977596,0.8345895910441496
rbio2.8,23,1.110646623134326,0.3447158943054039,0.8350779512067105
rbio2.8,25,1.1120819456076283,0.3917769787383096,0.8803084569897524
rbio2.8,27,1.1122995675145044,0.39257863577852165,0.8805810653811496
rbio2.8,29,1.1126442480119039,0.39361906938753155,0.8807807353063369
rbio2.8,31,1.112091906697366,0.3941171221940519,0.882015806524094
rbio2.8,33,1.1120556570789624,0.395865962772583,0.8822523616218055
rbio2.8,35,1.1074680466018096,0.3927070526488044,0.8843952846450975
rbio2.8,37,1.1068656192535278,0.3901712933411416,0.8836475342114408
rbio2.8,39,1.1071401728562233,0.4333744153967896,0.8915252978153073
rbio3.1,3,1.0150813492455526,0.03261727967956017,0.11698912695460142
rbio3.1,5,1.0286973923051979,0.06899000844202198,0.18409798786016474
rbio3.1,7,1.039167284586895,0.08684751788543589,0.2472230586497923
rbio3.1,9,1.0407079605485052,0.08616523102350483,0.2470006047403728
rbio3.1,11,1.050506025635814,0.1373941992450597,0.3702665603974492
rbio3.1,13,1.0550039968914118,0.14979960255300964,0.39280480249489663
rbio3.1,15,1.0585541258564604,0.15643911386452417,0.4130349171674811
rbio3.1,17,1.0588287686432416,0.16071088866573507,0.4203224436003099
rbio3.1,19,1.0698685781972797,0.21564136743957477,0.5120848525687982
rbio3.1,21,1.0702512394660926,0.22058985521369903,0.5178043650315636
rbio3.1,23,1.0772526805605922,0.24421927237036006,0.5448100645114977
rbio3.1,25,1.077092500010102,0.24347123241674956,0.5455222935328118
rbio3.1,27,1.0789481579856233,0.252719991787921,0.557303032614816
rbio3.1,29,1.0785449561002969,nan,0.5566980573418204
rbio3.1,31,1.078405497333169,nan,0.5596813521197025
rbio3.1,33,1.0779213622717516,nan,0.5590429430093942
rbio3.1,35,1.084610907776873,nan,0.6496051188913726
rbio3.1,37,1.0846563228221535,nan,0.6528304273024146
rbio3.1,39,1.084818790602301,nan,0.6562936610715966
rbio3.3,5,1.0547079091095666,0.13221550548961714,0.49312758862098827
rbio3.3,7,1.068931050933121,0.1531671354954007,0.5056749767010442
rbio3.3,9,1.0758389862096127,0.16677367561774062,0.5524031106423803
rbio3.3,11,1.0799813454284293,0.17105530655877668,0.55916283700756
rbio3.3,13,1.085014219623357,0.1833427896688404,0.5941296469603269
rbio3.3,15,1.0849014870492142,0.18401866501989214,0.5927461325931683
rbio3.3,17,1.0871782927556062,0.1872045537283171,0.5971468597646855
rbio3.3,19,1.0869140438159381,0.18557393040701023,0.5965349603664488
rbio3.3,21,1.0899954003514007,0.21240854525164152,0.6270884529740235
rbio3.3,23,1.093318870958152,0.22398863532923602,0.6310020555825026
rbio3.3,25,1.0925907276051836,0.22259760006032336,0.6312962490238564
rbio3.3,27,1.0922768690972442,0.2223645222148667,0.631384044612029
rbio3.3,29,1.097681316746583,0.2422803926907089,0.6443167056612754
rbio3.3,31,1.0974886277857203,0.24174967769657188,0.6442928062003779
rbio3.3,33,1.0971488370331424,0.24072185928804402,0.6440842759515313
rbio3.3,35,1.1005329324654665,nan,0.745504121545203
rbio3.3,37,1.1003362062818043,nan,0.7458022569672418
rbio3.3,39,1.0999954552312243,nan,0.7456149929778809
rbio3.5,7,1.0609739647428398,0.17568613514352463,0.5767637835698075
rbio3.5,9,1.0732883150838295,0.18710615589999685,0.5930304648469902
rbio3.5,11,1.0788863307337306,0.19553743048253036,0.6217570000780438
rbio3.5,13,1.0841331556884286,0.19972378495160772,0.6254723701331909
rbio3.5,15,1.0864702230607632,0.20361849028703163,0.6399051049796237
rbio3.5,17,1.0866505025641735,0.20459316909765835,0.6422277819404171
rbio3.5,19,1.0931044231096467,0.21653626907232384,0.6486949497593694
rbio3.5,21,1.1012456197188627,0.2875954519900648,0.745371591718506
rbio3.5,23,1.1005606113337325,0.28666579093994077,0.7443744424854737
rbio3.5,25,1.1089271011596709,0.3189858748625543,0.7566682075448304
rbio3.5,27,1.1076224730968247,0.31758261236725793,0.7558787231122085
rbio3.5,29,1.1068217165977523,0.3160439093527349,0.7552962315301777
rbio3.5,31,1.106145700914892,0.32034096568223075,0.7576969312070332
rbio3.5,33,1.105188536132997,0.3182286496939212,0.7577334766220354
rbio3.5,35,1.1046664685017253,0.3159691897133929,0.7586354115116194
rbio3.5,37,1.10477175226113,0.3520623688518935,0.7687776125485676
rbio3.5,39,1.103926933565043,0.35055631453274155,0.769620577390163
rbio3.7,9,1.059679336929993,0.13927492803335934,0.5398453945059792
rbio3.7,11,1.0704217659277062,0.14816710348347734,0.5552048767012633
rbio3.7,13,1.0748281050738668,0.15368647802626026,0.5726815304481302
rbio3.7,15,1.0793010239444263,0.15646012771741735,0.5754195025503223
rbio3.7,17,1.0841070109433923,0.16646770095779856,0.5868198002353509
rbio3.7,19,1.0842293784804737,0.16614946922697632,0.5876436068769407
rbio3.7,21,1.0887324849437834,0.17779624084265086,0.5920586197533689
rbio3.7,23,1.0975029132619716,0.21746450754406524,0.6499700568058853
rbio3.7,25,1.0974241285391764,0.21754808109260718,0.6500149214683496
rbio3.7,27,1.1042955082870098,0.24023698522940024,0.6588407066713299
rbio3.7,29,1.1039985663099705,0.2402600649487109,0.6601210550368001
rbio3.7,31,1.1042380499294,0.24052823660581688,0.6608216255550333
rbio3.7,33,1.100040658919483,0.2394486964669377,0.6599157908008982
rbio3.7,35,1.0993747858202674,0.237763728971381,0.6595347554379536
rbio3.7,37,1.0985869453677475,0.23520973856828012,0.6594525521510579
rbio3.7,39,1.0999284133476626,0.3232654296878602,0.7613809519537552
rbio3.9,11,1.057299038711298,0.19180986290464022,0.6122397747105494
rbio3.9,13,1.0670777030108038,0.20163677758675855,0.6279860648455509
rbio3.9,15,1.0691512738504831,0.19934399816534082,0.6374361129071681
rbio3.9,17,1.0896873963904568,0.2466655762890054,0.7209304816515473
rbio3.9,19,1.1014570062690472,0.27408379791118714,0.7315498355787942
rbio3.9,21,1.1014523494258028,0.27495866044411593,0.7320403415765468
rbio3.9,23,1.105475494657192,0.28465181149424323,0.7351868527104107
rbio3.9,25,1.10819795012773,0.30425415183239624,0.7600915585583662
rbio3.9,27,1.1081380947526887,0.30374148697928544,0.7598952886610147
rbio3.9,29,1.1083051894091798,0.3029187478376887,0.7601907425995776
rbio3.9,31,1.1082732051661333,0.30237297644993044,0.7600978701093991
rbio3.9,33,1.1081755533730193,0.30188969602419863,0.760233189581441
rbio3.9,35,1.1124602427154802,0.3224219055345468,0.7693314544421929
rbio3.9,37,1.1119812043012547,0.3227647047826569,0.7697789084768907
rbio3.9,39,1.1115289844511447,0.32187225926204693,0.7696321495223689
rbio4.4,5,1.0607251386594336,0.2084820214438318,0.6775345607484339
rbio4.4,7,1.0734150111364982,0.244503537645991,0.7279592808828665
rbio4.4,9,1.0823463699947917,0.24434393389031533,0.7315902648083987
rbio4.4,11,1.087277489279987,0.24815356266455543,0.7339965263272413
rbio4.4,13,1.0890312783694787,0.2543921411830499,0.7562456597958107
rbio4.4,15,1.0889802678475746,0.2535632992127114,0.7568435319295331
rbio4.4,17,1.0887308765553212,0.25273981471035595,0.7575396077708714
rbio4.4,19,1.0891494600340137,0.2552597478819293,0.7602675139319933
rbio4.4,21,1.0964560732593551,0.3377668653397155,0.8620223011577293
rbio4.4,23,1.0958428172904555,0.33831143542888004,0.8631330083756911
rbio4.4,25,1.1078975899839663,0.37180373942250183,0.8769760305025038
rbio4.4,27,1.1075479061591964,0.3714302888498407,0.876561252668896
rbio4.4,29,1.1071277750006465,0.37037421855210234,0.8760086516248057
rbio4.4,31,1.1044782974147858,0.3757919912250814,0.8841446937438386
rbio4.4,33,1.104106146219538,0.3741043239654727,0.8844977825534441
rbio4.4,35,1.1043360410812113,0.3721387319887129,0.8859719657087053
rbio4.4,37,1.1055682269069216,0.417774766145309,0.8920988054669982
rbio4.4,39,1.1053147208416525,nan,0.8922645641849446
rbio5.5,7,1.060249556556452,0.18813892158114487,0.5860549516384582
rbio5.5,9,1.0764728309789053,0.200908255964682,0.6102099478660226
rbio5.5,11,1.0795303685786317,0.20180211215119212,0.6281061269256977
rbio5.5,13,1.0849781855663834,0.20451305827683686,0.6302452700687685
rbio5.5,15,1.0884853303364959,0.20950389421929508,0.6545202921477152
rbio5.5,17,1.0880830293312618,0.2063174068620582,0.6536198342573802
rbio5.5,19,1.089966878330974,0.20754236627928507,0.6591908544742939
rbio5.5,21,1.098783473297118,0.2755146252540104,0.7546126589414435
rbio5.5,23,1.0982682951991791,0.2747124338250821,0.7547439357233215
rbio5.5,25,1.1073637620283212,0.30790005463705095,0.7680434040026541
rbio5.5,27,1.107178947968235,0.307517701930284,0.7682401451021513
rbio5.5,29,1.1071807113095455,0.30742055444344024,0.7687042773879311
rbio5.5,31,1.1057222198980123,0.3066640039614184,0.7706402788587977
rbio5.5,33,1.105980879254895,0.3071559272466759,0.7708578395816895
rbio5.5,35,1.1059562106499448,0.3077975310158804,0.7707359781710709
rbio5.5,37,1.0959846737716605,0.3666047620929404,0.7960094930740229
rbio5.5,39,1.0962886770013747,0.36832968121941195,0.7958942157441706
rbio6.8,9,1.0521752404804967,0.21552089596801974,0.6811957854194056
rbio6.8,11,1.0609486915447934,0.24486625771716078,0.7257020616083517
rbio6.8,13,1.0689835023912413,0.24576812648190166,0.738208228434473
rbio6.8,15,1.0732860192028428,0.24932231818559916,0.7405133451506819
rbio6.8,17,1.0893803576312213,0.29475983061016325,0.8223497549045723
rbio6.8,19,1.1054744084955088,0.32516345232440197,0.8346633173481842
rbio6.8,21,1.1096257361047432,0.33812001536095737,0.8399682083849971
rbio6.8,23,1.1095141387090888,0.338516778265895,0.8400508611250004
rbio6.8,25,1.1100254731407335,0.37942203471369257,0.8837480303607735
rbio6.8,27,1.1100342830290961,0.38041428847422415,0.8845575549590771
rbio6.8,29,1.1115125490859907,0.38366861286908016,0.8855356496866879
rbio6.8,31,1.1114679199853625,0.38695893543801213,0.8854125785180175
rbio6.8,33,1.1116619410801556,0.389009954683623,0.8854752664463662
rbio6.8,35,1.1077843712070305,0.3886169510580662,0.8886841562990841
rbio6.8,37,1.1077010211755918,0.38741788966065827,0.8896157173986828
rbio6.8,39,1.1083559833570231,0.4076557747115395,0.8900462280420411
sym2,3,1.0675128922320383,0.25186135874238696,0.6586100874710633
sym2,5,1.0875221617930257,0.26997037169569854,0.6820650865925432
sym2,7,1.0898249961277457,0.2686773146158193,0.7007160013072804
sym2,9,1.0971008530329442,0.27477671887198774,0.7055544746350533
sym2,11,1.101683846870327,0.31123653220717556,0.7535732647881677
sym2,13,1.1013888329506085,0.30967083861477124,0.7531079939621449
sym2,15,1.105388532143999,0.3173180092599764,0.7579054271595974
sym2,17,1.1044325934062535,0.3163057210008109,0.7579133545796896
sym2,19,1.1042084094699274,0.3590140289169401,0.7742444785863455
sym2,21,1.10361742433761,0.3576720917391227,0.7744784532985536
sym2,23,1.1039256733962504,0.35679926669899853,0.7739094699883274
sym2,25,1.1034692333081682,0.35469667747870626,0.7737968403675232
sym2,27,1.107872700788381,0.37611503305256877,0.7833273024491064
sym2,29,1.1071082471848492,0.37357657259180194,0.7830252474312905
sym2,31,1.107745401667581,0.3680175431437838,0.7850490589949367
sym2,33,1.1074548612725525,0.3676194138794533,0.785177202372313
sym2,35,1.1075402659074172,nan,0.7891102790875378
sym2,37,1.1072198941567428,nan,0.7892495070500356
sym2,39,1.1070279715696707,nan,0.7894908685406875
sym3,3,1.0597364019629143,0.21007448151918812,0.6299414056861925
sym3,5,1.0786687759419782,0.24985007904139306,0.6847152949583155
sym3,7,1.0870799295935605,0.2573277486719431,0.7130845301270706
sym3,9,1.0936727171362246,0.2605981087612555,0.7159194529418755
sym3,11,1.0954010266462306,0.27244569922334594,0.742686857337412
sym3,13,1.095541656284473,0.27339228938749455,0.7442729109807033
sym3,15,1.0949071898204576,0.2731238002484727,0.7454116254691717
sym3,17,1.0984821105113982,0.27832942747234984,0.7478084768752756
sym3,19,1.0979801091744577,0.30206581456727705,0.7669158253457526
sym3,21,1.0974627605318255,0.30015613870094066,0.76657048774299
sym3,23,1.1011572632272797,0.30982329368681266,0.7728802349377982
sym3,25,1.1006283151552514,0.3080623489376488,0.7730183617385683
sym3,27,1.1000208048579994,0.30669977893286254,0.7729390064420304
sym3,29,1.1048812889426032,0.32599870429884403,0.7832317749784284
sym3,31,1.1040356117952095,0.32350356826470794,0.7827288445462633
sym3,33,1.1034594915628095,0.3203507898564309,0.7835721040990388
sym3,35,1.1048146046304992,0.4386794818560535,0.8888889790239516
sym3,37,1.1045097818346485,nan,0.8894384073210629
sym3,39,1.1045386400916628,nan,0.8901332341652539
sym4,5,1.071826035268428,0.18978401501113737,0.5990615883655409
sym4,7,1.0818877415655999,0.2045382864687493,0.6135392481285393
sym4,9,1.0870497806872528,0.20371626262444947,0.6244942394817548
sym4,11,1.09121353406845,0.20427623210087895,0.6247688194060549
sym4,13,1.0923558228359387,0.21050641391615324,0.643971779532578
sym4,15,1.0923193601440602,0.21139204551638008,0.6446285268844841
sym4,17,1.0940079640875635,0.21601205605496293,0.646736326655604
sym4,19,1.0938878349045684,0.21485561607071216,0.6466125035815588
sym4,21,1.0949740408020294,0.22499857155821287,0.6622584484556336
sym4,23,1.0985155863872795,0.2350440040831884,0.6654994147513046
sym4,25,1.0978327161541206,0.23224310208242355,0.6647505870501123
sym4,27,1.0973140251264717,0.22999134128848914,0.6648800574682727
sym4,29,1.0975403104306622,0.2402561981806642,0.6719030774042964
sym4,31,1.0968114149727481,0.23729503729806312,0.6721683519232518
sym4,33,1.096379237388257,0.23551527728025318,0.6730164763562188
sym4,35,1.098756388051726,0.3270418590735748,0.7706965132923906
sym4,37,1.0983662875114215,0.32441893570227903,0.7715230481445382
sym4,39,1.09765210921127,nan,0.7717992406276629
sym5,5,1.0619143330360548,0.22069636070100968,0.6944477522754633
sym5,7,1.0733553877318112,0.24308048111346434,0.7171637877710778
sym5,9,1.0827100571760842,0.24916275145836525,0.7434861935367533
sym5,11,1.08723323603129,0.25237302394398703,0.7457797486251995
sym5,13,1.0896080918706283,0.25592252628091394,0.7657319940710712
sym5,15,1.0900965509799334,0.25569967879040584,0.7662925724172146
sym5,17,1.0900444829124067,0.25482528489858364,0.7664680899955302
sym5,19,1.0903749249905232,0.25572733902082184,0.7669787831950062
sym5,21,1.0964621017701461,0.3423604986113947,0.8659519261842458
sym5,23,1.0960404926666738,0.3425595905098659,0.8670316548852032
sym5,25,1.1090054871503423,0.3757800263324336,0.8799958968624706
sym5,27,1.108821454978234,0.37825450102743535,0.8802438179200801
sym5,29,1.1085961542287435,0.37969927652605795,0.8804723415996502
sym5,31,1.11167697713763,0.39732883626342835,0.8858174324266511
sym5,33,1.1118636479958564,0.39732576087001764,0.8859365255298555
sym5,35,1.1121421818047064,0.39718891030106807,0.8858405365666628
sym5,37,1.1126461523141449,0.4342725390255721,0.8887172162209799
sym5,39,1.1125736190185553,0.43313242006550634,0.8890526354493223
sym6,7,1.0650546433061125,0.19809697985716754,0.6167095252573807
sym6,9,1.0784079232578312,0.2102851624341378,0.6335266292533015
sym6,11,1.0834709246508498,0.21063006488805516,0.6465294227007684
sym6,13,1.088786553375111,0.21275397630163653,0.6487464600886195
sym6,15,1.0893533937751083,0.21516710859568192,0.6651218597904676
sym6,17,1.0891909702626272,0.21308814756078903,0.6651031171208875
sym6,19,1.0944804332857154,0.22258550147794467,0.6700290623613553
sym6,21,1.1026954663749586,0.28653367778036015,0.7613850008996923
sym6,23,1.102161411860491,0.2863197234088097,0.7614136631620058
sym6,25,1.109689468269922,0.3172944255732447,0.7717424819773315
sym6,27,1.1091558926238356,0.31605335329312884,0.7709001658567766
sym6,29,1.1086395665774085,0.31395312325626945,0.7700805392701248
sym6,31,1.1125393632867762,0.32669787217564583,0.7731788560572866
sym6,33,1.1122581697550802,0.3265456272065637,0.7731885559099174
sym6,35,1.1119490956405187,0.32632522084893895,0.773166316690318
sym6,37,1.1123529118336797,0.3448204427593123,0.7761562461674869
sym6,39,1.1124257498215626,0.34529510824409826,0.7764825653035855
sym7,7,1.0579192275921752,0.18153926058718214,0.6043254086344728
sym7,9,1.0669949462681674,0.20186043515239124,0.6375976022148976
sym7,11,1.07647828112065,0.2085314094122769,0.6601407442981791
sym7,13,1.0820746871302933,0.21232461549395107,0.663278146496168
sym7,15,1.0845007703447087,0.21728797912285683,0.6781246689157371
sym7,17,1.0875385123378098,0.2241711587185802,0.680576785057047
sym7,19,1.0933153623674143,0.2367920009425069,0.6858565191749552
sym7,21,1.0932588722873777,0.23572874048222606,0.6853825101028767
sym7,23,1.1004978575017696,0.28423218636804487,0.765375115503838
sym7,25,1.1000514035682976,0.2834436228182211,0.7656784345861496
sym7,27,1.1077151698289156,0.3071079007999087,0.7756154369118728
sym7,29,1.1072750055019334,0.30605140256454905,0.7750893397279002
sym7,31,1.1069398683386062,0.3051175776890403,0.7745133628145683
sym7,33,1.108292155504939,0.312248391180906,0.7755809950527005
sym7,35,1.1084926996933235,0.31174230902494277,0.7753033204489075
sym7,37,1.1109909750205265,0.4113774323777621,0.8853951579904507
sym7,39,1.1109554041666958,0.41090216328395973,0.8850721354433561
sym8,9,1.0610974662347759,0.14744706894576082,0.544672698191954
sym8,11,1.0729560736335593,0.1565801148862291,0.5631162008991982
sym8,13,1.0770462685679316,0.15889125043005328,0.5738804172607651
sym8,15,1.0813810772619172,0.16199274087365909,0.5763285014599674
sym8,17,1.0848184208053004,0.16853588541336362,0.5914013075868352
sym8,19,1.0847185940405628,0.1675962944987869,0.5913121647340558
sym8,21,1.0892110613021033,0.17861169766126897,0.5962597219837947
sym8,23,1.0977988052225238,0.21677591623800968,0.6547883355911497
sym8,25,1.0975744124681908,0.2163532221728984,0.655261904851395
sym8,27,1.1035580107248504,0.23889875375929887,0.664149540845423
sym8,29,1.1036198317459491,0.23781379266797703,0.6642484436270472
sym8,31,1.1036130843427252,0.23653785003492603,0.6638640595857215
sym8,33,1.101546966152911,0.23956780001255298,0.6646781288921361
sym8,35,1.1017306429163676,0.23802741274622913,0.6646040350185932
sym8,37,1.1015761434903049,0.23692538525995394,0.6647189376170071
sym8,39,1.1039885223089871,0.30811883855288885,0.7645282350315513
sym9,9,1.0533660487094907,0.22436548747735535,0.6953892276771876
sym9,11,1.0641340561145198,0.24803414832778928,0.7277997313321404
sym9,13,1.0711539732275626,0.24369687421227107,0.7392106925275639
sym9,15,1.0754054465511955,0.24815985731872675,0.7410834347274442
sym9,17,1.090103951275393,0.2952406890724439,0.8226793995732471
sym9,19,1.1057885676908525,0.32444584408392935,0.8337631624823107
sym9,21,1.1077856500291587,0.33625102727507394,0.8372097345147823
sym9,23,1.1070468695662221,0.33754572284197726,0.8385114611296692
sym9,25,1.1084131274481255,0.37815773697844135,0.8773995037732073
sym9,27,1.1081633425302202,0.37828940405834743,0.87936900999362
sym9,29,1.1082553014351042,0.378124250371427,0.8806732466218622
sym9,31,1.1077921010906806,0.37796929662070583,0.8805131240707968
sym9,33,1.107996588478709,0.3774602320047173,0.8807743565009479
sym9,35,1.10982470489697,0.3883511676080006,0.8825562922057626
sym9,37,1.1094986509380724,0.3875561045133488,0.882572818585884
sym9,39,1.1101684578481519,0.4122844546166204,0.8893821308551697
sym10,11,1.0548475078603168,0.190570710198854,0.6179930078662031
sym10,13,1.0658367761737233,0.20297287760545288,0.6385424543546049
sym10,15,1.068692312219959,0.20036927928915846,0.6413102959679777
sym10,17,1.0887702504748344,0.2467184067890122,0.7239329428096893
sym10,19,1.1007679324686401,0.27461379681380815,0.7355310017054734
sym10,21,1.1007170518836857,0.2744977132664375,0.7354329159665934
sym10,23,1.1045577855584787,0.28474042798034765,0.739579303414781
sym10,25,1.1058890692634615,0.30075651343034526,0.7669058445335468
sym10,27,1.1060313251975296,0.3016241288121149,0.7665896891083268
sym10,29,1.1044664708962455,0.2989253303201402,0.7661041968827179
sym10,31,1.103961372438395,0.2976892557913648,0.7659159422600716
sym10,33,1.1042089764676783,0.29716767431833174,0.7658615960571517
sym10,35,1.1073628930092654,0.31138847948185944,0.7771770539994106
sym10,37,1.1080666740401388,0.3115344065842124,0.7778991528197932
sym10,39,1.1084578399967326,0.3103760077749174,0.7784739883874411
sym11,11,1.050176068110149,0.1699879955146301,0.605433315103144
sym11,13,1.059433296862441,0.1887513574864439,0.6315160613298586
sym11,15,1.0650143064436863,0.19149301011952674,0.6488125509113962
sym11,17,1.0691033403954873,0.19545534590827998,0.6512773273894439
sym11,19,1.086675437547694,0.2344592965333423,0.7246627065763258
sym11,21,1.0967513541290699,0.2589593917585821,0.7340059354005476
sym11,23,1.0977371186481677,0.2671640441063246,0.7367355007513389
sym11,25,1.097416283545338,0.26628490895803164,0.7370524014767666
sym11,27,1.0961674728540678,0.2749694026288794,0.7612730353285171
sym11,29,1.098742063987382,0.28344858330838196,0.7656046453796398
sym11,31,1.098370265549653,0.2822890087908852,0.7664541440260898
sym11,33,1.097665549062986,0.2807181131079517,0.7674129693812465
sym11,35,1.1023720978829457,0.3004991880483075,0.7754753605892717
sym11,37,1.102180595883949,0.2991822819148001,0.7756461814730412
sym11,39,1.1024143172161849,0.29723256344689564,0.7755668027866844
sym12,13,1.0512875310431415,0.12205220421758765,0.5248079104033307
sym12,15,1.060369432537142,0.1302922715588176,0.5394459952219395
sym12,17,1.0632375622730954,0.12777459362497057,0.5493102172107586
sym12,19,1.0829420914734578,0.16653145214065818,0.618727200888755
sym12,21,1.0909012398508753,0.18897839361320304,0.6287146515279866
sym12,23,1.0908976990938266,0.18856373465607093,0.6287850836917215
sym12,25,1.0939676374605252,0.19724691539424447,0.6325307786869396
sym12,27,1.0953856696876927,0.20204785225957494,0.6447563387967745
sym12,29,1.0953875538521227,0.20193910021898315,0.64499884410882
sym12,31,1.098675594311605,0.21472151926091196,0.6497804729275435
sym12,33,1.0987040341284924,0.21449704789579024,0.6497070483129838
sym12,35,1.0987226162761814,0.21442325898402048,0.649694897882181
sym12,37,1.0990572820192488,0.22818576797344692,0.6579044433058882
sym12,39,1.0994836207588077,0.22650614203605254,0.658274984437176
sym13,13,1.0469482373474759,0.17247071255070917,0.6463253249487912
sym13,15,1.05323938971897,0.19154114435264544,0.6721410814870475
sym13,17,1.0597636217447186,0.18581976006575993,0.6833338096059628
sym13,19,1.063256478944037,0.18909096785213247,0.6856456380646667
sym13,21,1.076108392995021,0.22066147400582592,0.751724872909115
sym13,23,1.083063247971788,0.23820934763930876,0.7608823200594345
sym13,25,1.087032321267335,0.24713827099049704,0.7640067996422646
sym13,27,1.0959917546075162,0.3290966906666926,0.8647481658165087
sym13,29,1.0959699411406036,0.32976314911673793,0.8649508686489039
sym13,31,1.1086027741096152,0.3643397831418654,0.878192364101422
sym13,33,1.1085783543464596,0.36484449180928513,0.8786413648336271
sym13,35,1.1085028946476467,0.3657651201182658,0.878898691472778
sym13,37,1.1127514763623922,0.3864863374841562,0.8840752629907159
sym13,39,1.112650657615181,0.3878405512587372,0.8838958968765825
sym14,15,1.055174393307039,0.15244166617456445,0.5725026153828339
sym14,17,1.0642296600064125,0.15961627821462523,0.5846702578729462
sym14,19,1.0669007328706839,0.15706750364932787,0.593079443108907
sym14,21,1.0828022955905208,0.184813098846597,0.6454499474652592
sym14,23,1.0886372907597788,0.2004112572563443,0.6526744266250301
sym14,25,1.0884790261112698,0.19920840681350013,0.6522594254172853
sym14,27,1.0939662592927986,0.20795262971688191,0.6556329384776424
sym14,29,1.1024477142258855,0.2707500401926473,0.7565042946893591
sym14,31,1.1019713515573037,0.2687056648025038,0.755902861037313
sym14,33,1.1104592022204267,0.30344135751808465,0.7675309911062855
sym14,35,1.1102502712624733,0.3025484185715267,0.7672871194723362
sym14,37,1.109978799163344,0.3017315894923686,0.7670654806834103
sym14,39,1.1074474281490838,0.3043984851556826,0.7703140144432449
sym15,15,1.0459301593276475,0.156561076757357,0.5775194257851701
sym15,17,1.0590971595956349,0.174054200132711,0.606254403855134
sym15,19,1.0680210090430926,0.18028318834912857,0.6183355794017631
sym15,21,1.0685753466814634,0.18046880728174539,0.6187471233056925
sym15,23,1.0817900007814973,0.20719591144603577,0.6708624351304523
sym15,25,1.087974568960835,0.2201507962633605,0.6780371357121134
sym15,27,1.0914655457909095,0.22609494503399624,0.6803445329184507
sym15,29,1.0989170164265873,0.2728639351975224,0.7619226601121323
sym15,31,1.098788784192701,0.2719726810003319,0.761767892685631
sym15,33,1.1066068881688407,0.2956866583784451,0.7709224613408943
sym15,35,1.1061924949570674,0.2946228720249157,0.7710796368685647
sym15,37,1.1060472474699707,0.2941513712675317,0.7710015079648561
sym15,39,1.102415848396878,0.2973907140617148,0.7740090558653465
sym16,17,1.052789276466663,0.11313413498086315,0.5073529650560477
sym16,19,1.060975115286134,0.11991968759474338,0.5196678599851821
sym16,21,1.0649079192753417,0.12347281799988773,0.5291136420023176
sym16,23,1.0799313051142148,0.1484105907096725,0.5731558090799421
sym16,25,1.0849822636729436,0.16146399334340786,0.5792131951156355
sym16,27,1.0849837094009906,0.16097953376963314,0.5788724403140194
sym16,29,1.0888032914300214,0.16930129526652785,0.5820336896028893
sym16,31,1.0973173456641585,0.2091768243608277,0.6461671745151822
sym16,33,1.0971461688633686,0.2085539487012557,0.6462508102915593
sym16,35,1.103319147456071,0.2311029518855696,0.6545733287907769
sym16,37,1.1033548692223718,0.23054371492927128,0.6544444764680496
sym16,39,1.1032850497614954,0.23001163419102358,0.6542820680382795
sym17,17,1.0445568015479831,0.22745086505477713,0.6687882905962297
sym17,19,1.0575352882495486,0.255105020022058,0.7004236508812492
sym17,21,1.0993972550785502,0.2977470274124302,0.7990943449506747
sym17,23,1.1003105693296367,0.29909198093040334,0.8001871391007549
sym17,25,1.1035013331863934,0.3249481041471832,0.846750898766097
sym17,27,1.104336220025332,0.326711669196349,0.8474805682051194
sym17,29,1.1073511892018464,0.3335381083418179,0.849996788759468
sym17,31,1.1091763281427292,0.35566219145388944,0.8732531180074156
sym17,33,1.1091212448535885,0.35572921047849937,0.8733622376689857
sym17,35,1.1093534811609536,0.3562910514679184,0.8735968352319673
sym17,37,1.1093786161625745,0.35695238842022986,0.8738036199008681
sym17,39,1.1093360747157843,0.35725769137637947,0.8737018846645074
sym18,19,1.052381518987204,0.20746483300379026,0.5997786929033312
sym18,21,1.084594878910186,0.23287638063247013,0.6803114442427755
sym18,23,1.0963811313023644,0.25178940551592316,0.688524615107559
sym18,25,1.1001087843364172,0.2643573392848884,0.7276609741637516
sym18,27,1.100052702019178,0.2639142284077889,0.7276467035201161
sym18,29,1.1000183040021494,0.2633385297153491,0.7275069410047106
sym18,31,1.102385159596513,0.2682478260780417,0.7292256552109025
sym18,33,1.1043769008028488,0.2849809121353832,0.7637416390172601
sym18,35,1.1044298049141419,0.2847076614577099,0.7634978998118839
sym18,37,1.1051304193175098,0.28587848956662143,0.763479560762034
sym18,39,1.1050793502468452,0.28584357054816134,0.7633822391883944
sym19,19,1.0403495092211161,0.18429988512013162,0.5831918899789997
sym19,21,1.0520813334736425,0.20581218483357896,0.6137207698471084
sym19,23,1.0957357456474677,0.2611804089087611,0.7228614283884015
sym19,25,1.0962832749700149,0.26179356108589874,0.7231787833786287
sym19,27,1.0955736808481926,0.26124024543645163,0.7368041782514677
sym19,29,1.0958362780261466,0.26126001481980965,0.7367974199890984
sym19,31,1.0978960021718456,0.26444426793348924,0.7379009638817171
sym19,33,1.0989065576361672,0.27345115271347115,0.760476945109073
sym19,35,1.0988452768889563,0.27271326290225667,0.760339358451077
sym19,37,1.10206568018688,0.2809470427944775,0.7633898692918096
sym19,39,1.10194503648604,0.28019015231849326,0.7629697058728964